personID,age,sex
4001,71,FEMALE
4002,69,MALE
4003,65,MALE
4004,63,MALE
4005,63,MALE
4006,62,FEMALE
4007,61,FEMALE
4008,61,MALE
4009,60,FEMALE
4010,60,MALE
4011,60,MALE
4012,60,MALE
4013,60,MALE
4014,60,MALE
4015,60,MALE
4016,60,FEMALE
4017,59,FEMALE
4018,58,MALE
4019,58,FEMALE
4020,58,FEMALE
4021,58,MALE
4022,57,MALE
4023,56,MALE
4024,55,FEMALE
4025,55,MALE
4026,55,FEMALE
4027,54,FEMALE
4028,54,FEMALE
4029,54,MALE
4030,54,FEMALE
4031,54,MALE
4032,54,FEMALE
4033,54,MALE
4034,54,MALE
4035,53,MALE
4036,53,MALE
4037,53,FEMALE
4038,53,MALE
4039,53,MALE
4040,53,MALE
4041,53,MALE
4042,53,FEMALE
4043,52,FEMALE
4044,52,MALE
4045,51,MALE
4046,51,FEMALE
4047,51,MALE
4048,51,MALE
4049,51,MALE
4050,50,MALE
4051,50,MALE
4052,50,MALE
4053,50,MALE
4054,50,MALE
4055,49,MALE
4056,49,FEMALE
4057,49,FEMALE
4058,49,MALE
4059,49,MALE
4060,48,MALE
4061,49,FEMALE
4062,49,MALE
4063,49,MALE
4064,48,MALE
4065,49,FEMALE
4066,48,MALE
4067,48,FEMALE
4068,48,MALE
4069,48,MALE
4070,48,MALE
4071,47,MALE
4072,47,MALE
4073,47,FEMALE
4074,47,FEMALE
4075,47,MALE
4076,47,MALE
4077,47,MALE
4078,46,MALE
4079,46,FEMALE
4080,46,FEMALE
4081,46,FEMALE
4082,46,MALE
4083,46,MALE
4084,45,MALE
4085,44,MALE
4086,44,MALE
4087,44,MALE
4088,44,MALE
4089,44,MALE
4090,44,FEMALE
4091,44,MALE
4092,44,MALE
4093,44,MALE
4094,44,FEMALE
4095,43,FEMALE
4096,43,MALE
4097,43,FEMALE
4098,43,MALE
4099,43,FEMALE
4100,43,MALE
4101,43,FEMALE
4102,43,MALE
4103,43,FEMALE
4104,43,MALE
4105,43,FEMALE
4106,43,MALE
4107,42,MALE
4108,42,MALE
4109,42,FEMALE
4110,42,MALE
4111,42,FEMALE
4112,42,MALE
4113,42,MALE
4114,42,MALE
4115,42,MALE
4116,42,FEMALE
4117,42,FEMALE
4118,41,FEMALE
4119,41,MALE
4120,41,MALE
4121,41,FEMALE
4122,41,FEMALE
4123,41,FEMALE
4124,41,MALE
4125,41,MALE
4126,41,FEMALE
4127,41,MALE
4128,40,MALE
4129,40,FEMALE
4130,40,FEMALE
4131,40,MALE
4132,40,MALE
4133,40,MALE
4134,40,MALE
4135,40,MALE
4136,40,FEMALE
4137,40,MALE
4138,40,FEMALE
4139,40,MALE
4140,40,FEMALE
4141,40,MALE
4142,39,FEMALE
4143,39,FEMALE
4144,39,FEMALE
4145,39,MALE
4146,39,FEMALE
4147,39,FEMALE
4148,39,FEMALE
4149,39,MALE
4150,39,FEMALE
4151,39,FEMALE
4152,39,FEMALE
4153,39,FEMALE
4154,39,MALE
4155,39,MALE
4156,39,MALE
4157,39,FEMALE
4158,38,FEMALE
4159,39,FEMALE
4160,38,MALE
4161,38,MALE
4162,38,MALE
4163,38,MALE
4164,38,MALE
4165,38,FEMALE
4166,38,FEMALE
4167,38,FEMALE
4168,38,FEMALE
4169,38,MALE
4170,37,FEMALE
4171,38,FEMALE
4172,38,MALE
4173,38,FEMALE
4174,38,MALE
4175,38,MALE
4176,38,MALE
4177,37,MALE
4178,38,FEMALE
4179,38,MALE
4180,38,MALE
4181,37,FEMALE
4182,38,MALE
4183,37,MALE
4184,38,MALE
4185,37,MALE
4186,38,MALE
4187,37,FEMALE
4188,37,MALE
4189,37,MALE
4190,37,MALE
4191,37,FEMALE
4192,37,FEMALE
4193,37,FEMALE
4194,37,FEMALE
4196,37,MALE
4197,37,MALE
4198,37,MALE
4199,37,MALE
4200,37,MALE
4201,37,FEMALE
4202,37,MALE
4203,37,MALE
4204,37,MALE
4205,37,MALE
4206,37,FEMALE
4207,37,MALE
4208,37,MALE
4209,37,MALE
4210,37,MALE
4211,37,FEMALE
4213,36,FEMALE
4214,36,FEMALE
4215,36,FEMALE
4216,36,MALE
4217,36,MALE
4218,36,MALE
4219,36,MALE
4220,36,FEMALE
4221,36,MALE
4222,36,FEMALE
4223,36,FEMALE
4224,36,MALE
4225,36,FEMALE
4226,36,MALE
4227,36,MALE
4228,36,MALE
4229,35,FEMALE
4230,35,FEMALE
4231,35,MALE
4232,35,MALE
4233,35,MALE
4234,35,FEMALE
4235,35,FEMALE
4236,35,FEMALE
4237,35,MALE
4238,35,MALE
4239,35,FEMALE
4240,35,FEMALE
4241,35,MALE
4242,35,MALE
4243,35,MALE
4244,35,MALE
4245,35,MALE
4246,35,MALE
4247,35,MALE
4248,35,FEMALE
4249,35,MALE
4250,34,MALE
4251,34,FEMALE
4252,34,FEMALE
4253,34,MALE
4254,34,MALE
4255,34,MALE
4256,34,MALE
4257,34,MALE
4258,34,MALE
4259,34,MALE
4260,34,FEMALE
4261,34,FEMALE
4262,34,MALE
4263,33,FEMALE
4264,33,FEMALE
4265,33,MALE
4266,33,MALE
4267,33,MALE
4268,33,MALE
4269,33,MALE
4270,33,MALE
4271,33,MALE
4272,33,FEMALE
4273,33,MALE
4274,33,MALE
4275,33,MALE
4276,33,FEMALE
4277,33,FEMALE
4278,32,FEMALE
4279,32,MALE
4280,32,FEMALE
4281,31,MALE
4282,32,FEMALE
4283,32,MALE
4284,32,MALE
4285,32,MALE
4286,32,MALE
4287,32,FEMALE
4288,32,MALE
4289,32,MALE
4290,31,FEMALE
4291,31,FEMALE
4292,31,MALE
4293,31,MALE
4294,31,FEMALE
4295,31,FEMALE
4296,31,MALE
4297,31,FEMALE
4298,30,FEMALE
4299,31,MALE
4300,30,MALE
4301,30,MALE
4302,30,MALE
4303,31,FEMALE
4304,30,MALE
4305,30,FEMALE
4306,30,MALE
4307,30,FEMALE
4308,30,FEMALE
4309,30,FEMALE
4310,30,MALE
4311,30,MALE
4312,30,MALE
4313,30,MALE
4314,30,MALE
4315,30,MALE
4316,30,FEMALE
4317,30,FEMALE
4318,30,FEMALE
4319,30,MALE
4320,30,MALE
4321,30,MALE
4322,30,MALE
4323,30,FEMALE
4324,30,FEMALE
4325,29,MALE
4326,29,MALE
4327,29,FEMALE
4328,29,FEMALE
4329,29,MALE
4330,29,FEMALE
4331,29,MALE
4332,29,MALE
4333,29,MALE
4334,29,FEMALE
4335,29,FEMALE
4336,29,MALE
4337,29,FEMALE
4338,29,MALE
4339,29,MALE
4340,29,FEMALE
4341,29,FEMALE
4342,29,FEMALE
4343,29,FEMALE
4344,29,FEMALE
4345,29,MALE
4346,29,MALE
4347,29,MALE
4348,29,FEMALE
4349,29,MALE
4350,29,FEMALE
4351,29,MALE
4352,29,MALE
4353,29,FEMALE
4354,29,MALE
4356,29,MALE
4357,29,FEMALE
4358,28,MALE
4359,28,FEMALE
4360,29,MALE
4361,28,UNKNOWN
4363,29,MALE
4364,28,MALE
4365,28,FEMALE
4366,28,FEMALE
4367,28,MALE
4368,28,MALE
4369,28,MALE
4370,28,MALE
4371,31,FEMALE
4372,31,FEMALE
4373,28,MALE
4374,28,FEMALE
4375,27,FEMALE
4376,27,MALE
4377,27,MALE
4378,27,FEMALE
4379,27,MALE
4380,27,MALE
4381,27,MALE
4382,27,MALE
4383,26,FEMALE
4384,26,FEMALE
4385,27,MALE
4386,27,FEMALE
4387,27,FEMALE
4388,26,FEMALE
4389,26,MALE
4390,26,FEMALE
4391,26,FEMALE
4392,26,MALE
4393,26,MALE
4394,26,FEMALE
4395,26,MALE
4396,26,MALE
4397,26,MALE
4398,26,MALE
4399,25,MALE
4400,25,MALE
4401,25,MALE
4402,25,MALE
4403,25,MALE
4404,25,MALE
4405,25,MALE
4406,25,FEMALE
4407,25,FEMALE
4408,25,FEMALE
4409,25,MALE
4410,25,FEMALE
4411,25,MALE
4412,24,FEMALE
4413,24,MALE
4414,24,MALE
4415,24,MALE
4416,24,MALE
4417,24,MALE
4418,24,FEMALE
4419,24,FEMALE
4420,24,FEMALE
4421,24,FEMALE
4422,24,MALE
4423,24,FEMALE
4424,24,MALE
4425,24,FEMALE
4426,23,MALE
4427,23,MALE
4428,23,FEMALE
4429,23,FEMALE
4430,23,MALE
4431,23,FEMALE
4432,23,MALE
4433,23,FEMALE
4434,23,MALE
4435,22,MALE
4436,23,MALE
4437,22,MALE
4438,22,MALE
4439,22,FEMALE
4440,22,MALE
4441,22,MALE
4442,22,MALE
4443,22,FEMALE
4444,22,FEMALE
4445,22,MALE
4446,22,MALE
4447,21,MALE
4448,22,MALE
4449,22,MALE
4450,22,MALE
4451,22,FEMALE
4452,21,FEMALE
4453,21,MALE
4454,21,MALE
4455,21,MALE
4456,21,FEMALE
4457,21,FEMALE
4458,21,FEMALE
4459,21,FEMALE
4460,21,MALE
4461,21,MALE
4462,20,MALE
4463,20,MALE
4464,20,MALE
4465,20,MALE
4466,20,MALE
4467,20,FEMALE
4468,20,FEMALE
4469,20,FEMALE
4470,19,FEMALE
4471,19,FEMALE
4472,19,MALE
4473,19,FEMALE
4474,19,MALE
4475,19,MALE
4476,18,FEMALE
4477,18,MALE
4478,18,MALE
4479,18,FEMALE
4480,19,MALE
4481,17,FEMALE
4482,17,MALE
4483,16,MALE
4484,16,FEMALE
4485,16,FEMALE
4486,16,MALE
4487,16,MALE
4488,16,FEMALE
4489,16,MALE
4490,16,MALE
4491,15,FEMALE
4492,15,MALE
4493,15,MALE
4494,14,MALE
4495,13,FEMALE
4496,13,MALE
4497,12,MALE
4498,8,FEMALE
4499,6,MALE
4500,2,FEMALE
4501,20,FEMALE
4502,20,MALE
4503,20,MALE
4504,20,FEMALE
4505,20,MALE
4506,20,FEMALE
4507,20,MALE
4508,20,FEMALE
4509,20,MALE
4510,20,MALE
4511,20,MALE
4512,20,UNKNOWN
4513,20,MALE
4514,20,MALE
4515,20,MALE
4516,20,MALE
4517,88,MALE
4518,87,MALE
4519,87,MALE
4520,87,MALE
4521,85,FEMALE
4522,84,MALE
4523,84,FEMALE
4525,82,MALE
4526,81,FEMALE
4527,81,MALE
4528,81,MALE
4529,79,MALE
4530,79,FEMALE
4531,79,FEMALE
4532,78,FEMALE
4533,78,MALE
4534,78,MALE
4535,78,MALE
4536,78,MALE
4537,78,MALE
4538,78,FEMALE
4539,77,FEMALE
4540,77,MALE
4541,77,MALE
4542,77,FEMALE
4543,77,FEMALE
4544,77,MALE
4545,77,MALE
4546,75,MALE
4547,76,MALE
4548,76,MALE
4549,76,MALE
4550,76,FEMALE
4551,76,MALE
4552,75,MALE
4553,75,MALE
4554,75,MALE
4555,75,MALE
4556,75,MALE
4557,75,FEMALE
4558,75,MALE
4559,74,FEMALE
4560,74,FEMALE
4561,74,MALE
4562,74,FEMALE
4563,74,MALE
4564,73,FEMALE
4565,74,MALE
4566,73,MALE
4567,73,MALE
4568,73,MALE
4569,73,MALE
4570,73,MALE
4571,73,MALE
4572,73,FEMALE
4573,73,FEMALE
4574,72,MALE
4575,72,FEMALE
4576,72,FEMALE
4577,72,FEMALE
4578,71,MALE
4579,72,MALE
4580,72,FEMALE
4581,72,MALE
4582,71,FEMALE
4583,71,MALE
4584,71,MALE
4585,71,FEMALE
4586,71,FEMALE
4587,71,MALE
4588,71,MALE
4589,71,MALE
4590,71,FEMALE
4591,71,MALE
4592,70,MALE
4593,70,FEMALE
4594,70,MALE
4595,70,FEMALE
4596,70,FEMALE
4597,70,MALE
4598,70,MALE
4599,70,MALE
4600,70,MALE
4601,70,FEMALE
4602,70,FEMALE
4603,70,MALE
4604,70,FEMALE
4605,70,MALE
4606,70,FEMALE
4607,70,MALE
4608,69,MALE
4609,69,MALE
4610,69,FEMALE
4611,69,MALE
4612,69,MALE
4613,69,MALE
4614,69,MALE
4615,69,FEMALE
4616,69,FEMALE
4617,69,MALE
4618,69,MALE
4619,69,FEMALE
4620,69,MALE
4621,69,FEMALE
4622,68,FEMALE
4623,68,MALE
4624,68,MALE
4625,68,FEMALE
4626,68,MALE
4627,68,FEMALE
4628,68,FEMALE
4629,68,MALE
4630,68,MALE
4631,68,MALE
4632,68,MALE
4633,68,MALE
4634,68,MALE
4635,68,FEMALE
4636,67,FEMALE
4637,67,MALE
4638,67,FEMALE
4639,67,FEMALE
4640,67,MALE
4641,67,MALE
4642,67,FEMALE
4643,67,MALE
4644,67,FEMALE
4645,66,MALE
4646,66,MALE
4647,66,MALE
4648,67,FEMALE
4649,66,MALE
4650,66,MALE
4651,66,MALE
4652,66,MALE
4653,66,MALE
4654,65,FEMALE
4655,65,FEMALE
4656,65,FEMALE
4657,65,MALE
4658,65,FEMALE
4659,65,FEMALE
4660,65,MALE
4661,65,MALE
4662,65,MALE
4663,64,FEMALE
4664,65,MALE
4665,64,MALE
4666,64,MALE
4667,64,FEMALE
4668,64,MALE
4669,64,FEMALE
4670,64,MALE
4671,64,FEMALE
4672,64,MALE
4673,64,MALE
4674,64,FEMALE
4675,64,FEMALE
4676,64,MALE
4677,64,MALE
4678,64,FEMALE
4679,64,MALE
4680,64,MALE
4681,64,FEMALE
4682,64,MALE
4683,64,MALE
4684,64,MALE
4685,64,MALE
4686,64,FEMALE
4687,64,FEMALE
4688,64,FEMALE
4689,64,MALE
4690,63,MALE
4691,63,FEMALE
4692,63,MALE
4693,63,MALE
4694,63,MALE
4695,63,MALE
4696,63,FEMALE
4697,63,MALE
4698,63,MALE
4699,63,FEMALE
4700,57,MALE
4701,63,MALE
4702,62,FEMALE
4703,63,MALE
4704,62,FEMALE
4705,62,FEMALE
4707,62,MALE
4708,62,MALE
4709,61,FEMALE
4710,62,MALE
4712,61,MALE
4713,61,FEMALE
4714,61,MALE
4716,62,MALE
4717,61,FEMALE
4718,61,MALE
4719,61,FEMALE
4720,61,FEMALE
4721,61,FEMALE
4722,61,FEMALE
4723,61,FEMALE
4724,61,MALE
4725,61,MALE
4726,61,MALE
4727,61,MALE
4728,61,MALE
4729,61,MALE
4730,60,FEMALE
4731,61,MALE
4732,60,MALE
4733,61,MALE
4734,60,MALE
4735,60,FEMALE
4736,60,MALE
4737,60,FEMALE
4738,60,FEMALE
4739,60,FEMALE
4740,60,MALE
4741,60,MALE
4742,60,FEMALE
4743,60,MALE
4744,60,FEMALE
4745,60,MALE
4746,60,FEMALE
4747,60,MALE
4748,60,MALE
4749,60,MALE
4750,60,FEMALE
4751,60,FEMALE
4752,59,MALE
4753,60,MALE
4754,59,MALE
4755,59,MALE
4756,59,FEMALE
4757,59,MALE
4758,59,MALE
4759,59,MALE
4760,59,MALE
4761,59,FEMALE
4762,59,FEMALE
4763,59,FEMALE
4764,59,MALE
4765,59,MALE
4766,59,MALE
4767,59,MALE
4768,59,FEMALE
4769,59,MALE
4770,59,MALE
4771,59,MALE
4772,59,FEMALE
4773,59,MALE
4774,58,MALE
4776,58,FEMALE
4777,58,FEMALE
4778,58,MALE
4779,58,MALE
4780,58,FEMALE
4781,58,MALE
4782,58,MALE
4783,58,MALE
4784,58,FEMALE
4785,58,MALE
4786,58,MALE
4787,58,FEMALE
4788,58,MALE
4789,58,MALE
4790,58,MALE
4791,58,MALE
4792,58,MALE
4793,58,MALE
4794,57,MALE
4795,57,FEMALE
4796,57,MALE
4797,57,FEMALE
4798,57,MALE
4799,57,MALE
4800,57,FEMALE
4801,57,MALE
4802,57,MALE
4803,57,MALE
4804,57,FEMALE
4805,57,MALE
4806,57,FEMALE
4807,57,MALE
4808,57,MALE
4809,57,MALE
4810,57,MALE
4811,57,FEMALE
4812,56,FEMALE
4813,57,MALE
4814,56,MALE
4815,56,MALE
4816,56,MALE
4817,56,MALE
4818,56,MALE
4819,56,FEMALE
4820,56,FEMALE
4821,56,MALE
4822,56,FEMALE
4823,56,MALE
4824,56,FEMALE
4825,56,MALE
4826,56,FEMALE
4827,56,FEMALE
4828,56,FEMALE
4829,56,MALE
4830,56,MALE
4831,56,MALE
4832,56,FEMALE
4833,56,MALE
4834,56,MALE
4835,56,MALE
4836,56,FEMALE
4837,56,FEMALE
4838,56,FEMALE
4839,56,MALE
4840,56,MALE
4841,56,FEMALE
4842,56,FEMALE
4843,56,FEMALE
4844,56,MALE
4845,56,MALE
4846,55,MALE
4847,55,MALE
4848,55,FEMALE
4849,56,FEMALE
4850,55,FEMALE
4851,55,MALE
4852,55,MALE
4853,55,MALE
4854,55,MALE
4855,55,FEMALE
4856,55,FEMALE
4857,55,MALE
4858,55,FEMALE
4859,55,FEMALE
4860,55,FEMALE
4861,55,FEMALE
4862,55,MALE
4863,55,MALE
4864,55,FEMALE
4865,55,FEMALE
4866,55,MALE
4867,55,MALE
4868,55,MALE
4869,55,FEMALE
4870,55,FEMALE
4871,55,MALE
4872,54,FEMALE
4873,54,MALE
4874,54,FEMALE
4875,55,MALE
4876,54,MALE
4877,54,MALE
4878,54,MALE
4879,54,FEMALE
4880,54,MALE
4881,54,FEMALE
4882,54,FEMALE
4883,54,FEMALE
4884,54,FEMALE
4885,54,MALE
4886,54,FEMALE
4887,54,MALE
4888,54,FEMALE
4889,54,FEMALE
4890,54,MALE
4891,54,FEMALE
4892,53,MALE
4893,54,FEMALE
4894,53,MALE
4895,54,FEMALE
4896,53,MALE
4897,53,MALE
4898,53,MALE
4899,53,MALE
4900,53,MALE
4901,53,MALE
4902,53,FEMALE
4903,52,MALE
4904,53,MALE
4905,53,MALE
4906,53,FEMALE
4907,53,FEMALE
4908,53,MALE
4909,53,FEMALE
4910,53,MALE
4911,53,MALE
4912,53,MALE
4913,53,FEMALE
4915,53,FEMALE
4916,53,FEMALE
4917,53,MALE
4918,53,FEMALE
4919,53,FEMALE
4920,53,MALE
4921,53,FEMALE
4922,53,FEMALE
4923,53,FEMALE
4924,52,FEMALE
4925,53,FEMALE
4926,52,MALE
4927,52,FEMALE
4928,52,FEMALE
4929,52,MALE
4930,52,FEMALE
4931,52,MALE
4932,52,MALE
4933,52,FEMALE
4934,52,FEMALE
4935,52,MALE
4936,52,MALE
4937,52,FEMALE
4938,52,MALE
4939,52,MALE
4940,52,MALE
4941,52,MALE
4942,52,MALE
4943,52,MALE
4944,52,FEMALE
4945,52,FEMALE
4946,52,MALE
4947,52,MALE
4948,52,MALE
4949,52,MALE
4950,52,MALE
4951,52,MALE
4952,52,MALE
4953,52,FEMALE
4954,51,MALE
4955,51,MALE
4956,51,MALE
4957,51,FEMALE
4958,51,MALE
4959,51,FEMALE
4960,51,MALE
4961,51,MALE
4962,51,MALE
4963,51,MALE
4964,51,FEMALE
4965,51,FEMALE
4966,51,FEMALE
4967,51,MALE
4968,51,FEMALE
4969,51,MALE
4970,51,MALE
4971,51,MALE
4972,51,FEMALE
4973,51,MALE
4974,50,FEMALE
4975,51,FEMALE
4976,51,FEMALE
4977,51,MALE
4978,51,FEMALE
4979,51,FEMALE
4980,50,MALE
4981,51,MALE
4983,51,MALE
4984,50,MALE
4985,50,FEMALE
4986,50,FEMALE
4987,50,FEMALE
4988,50,MALE
4989,50,MALE
4990,50,MALE
4991,50,FEMALE
4992,50,FEMALE
4993,50,FEMALE
4994,50,FEMALE
4995,50,FEMALE
4996,50,FEMALE
4997,50,MALE
4998,50,FEMALE
4999,50,FEMALE
5000,50,MALE
5001,50,MALE
5003,50,FEMALE
5004,50,MALE
5005,50,MALE
5006,50,FEMALE
5007,50,FEMALE
5008,49,FEMALE
5009,49,FEMALE
5010,50,MALE
5011,49,MALE
5012,50,MALE
5013,49,MALE
5014,49,MALE
5015,49,MALE
5016,49,MALE
5017,49,FEMALE
5018,49,MALE
5019,49,MALE
5020,49,FEMALE
5021,49,MALE
5022,49,FEMALE
5023,49,MALE
5024,49,FEMALE
5025,49,MALE
5026,49,MALE
5027,49,MALE
5028,49,FEMALE
5029,48,MALE
5030,49,MALE
5031,49,FEMALE
5032,49,FEMALE
5033,49,MALE
5034,48,MALE
5035,49,MALE
5036,49,MALE
5037,49,MALE
5038,48,FEMALE
5039,48,FEMALE
5040,48,MALE
5041,48,FEMALE
5042,48,MALE
5043,48,FEMALE
5044,48,MALE
5045,48,MALE
5046,48,FEMALE
5047,48,MALE
5048,48,MALE
5049,48,MALE
5050,48,FEMALE
5051,48,FEMALE
5052,48,FEMALE
5053,48,MALE
5054,48,MALE
5055,47,MALE
5056,47,FEMALE
5057,48,MALE
5058,47,MALE
5059,47,MALE
5060,47,FEMALE
5061,47,FEMALE
5062,47,MALE
5063,47,MALE
5064,47,FEMALE
5065,47,MALE
5066,47,MALE
5067,47,FEMALE
5068,47,FEMALE
5069,47,MALE
5070,47,FEMALE
5071,47,FEMALE
5072,47,FEMALE
5073,47,FEMALE
5074,47,FEMALE
5075,47,MALE
5076,47,FEMALE
5077,47,FEMALE
5078,47,FEMALE
5079,47,MALE
5080,47,MALE
5081,47,FEMALE
5082,47,FEMALE
5083,47,MALE
5084,47,MALE
5085,47,MALE
5086,46,FEMALE
5087,46,MALE
5088,47,MALE
5089,46,MALE
5090,47,MALE
5091,46,FEMALE
5092,46,MALE
5093,46,MALE
5094,46,FEMALE
5095,46,MALE
5096,46,MALE
5097,46,MALE
5098,46,FEMALE
5099,46,FEMALE
5100,46,FEMALE
5101,46,MALE
5102,46,FEMALE
5103,46,MALE
5104,46,MALE
5105,46,FEMALE
5106,46,FEMALE
5107,46,FEMALE
5108,46,FEMALE
5109,46,FEMALE
5110,46,FEMALE
5111,46,FEMALE
5112,46,FEMALE
5113,46,MALE
5114,46,MALE
5115,46,FEMALE
5116,46,MALE
5117,46,FEMALE
5118,46,FEMALE
5119,46,MALE
5120,46,MALE
5121,46,MALE
5122,46,MALE
5123,46,MALE
5124,46,MALE
5125,45,MALE
5126,46,MALE
5127,45,MALE
5128,46,MALE
5129,45,FEMALE
5130,45,MALE
5131,46,FEMALE
5132,45,MALE
5133,45,MALE
5134,45,FEMALE
5135,45,FEMALE
5136,45,MALE
5137,45,MALE
5138,45,FEMALE
5139,45,FEMALE
5140,45,MALE
5141,45,MALE
5142,45,MALE
5143,45,MALE
5144,45,FEMALE
5145,45,FEMALE
5146,45,MALE
5147,45,MALE
5148,45,MALE
5149,45,FEMALE
5150,45,FEMALE
5151,45,MALE
5152,45,FEMALE
5153,45,FEMALE
5154,45,FEMALE
5155,45,MALE
5156,45,MALE
5157,43,FEMALE
5158,45,MALE
5159,45,FEMALE
5160,45,FEMALE
5161,45,MALE
5162,45,FEMALE
5163,45,MALE
5164,44,FEMALE
5165,44,MALE
5166,44,MALE
5167,44,FEMALE
5168,44,FEMALE
5169,44,FEMALE
5170,44,MALE
5171,44,MALE
5172,44,MALE
5173,44,FEMALE
5174,44,FEMALE
5175,44,MALE
5176,44,FEMALE
5177,44,FEMALE
5178,44,FEMALE
5179,44,MALE
5180,44,MALE
5181,44,MALE
5182,44,MALE
5183,44,MALE
5184,44,FEMALE
5185,44,FEMALE
5186,44,FEMALE
5187,44,MALE
5188,44,FEMALE
5189,44,FEMALE
5190,44,MALE
5191,44,MALE
5192,44,FEMALE
5193,44,MALE
5194,44,FEMALE
5195,44,MALE
5196,44,MALE
5197,44,FEMALE
5198,43,MALE
5199,44,FEMALE
5200,43,MALE
5201,43,FEMALE
5202,44,MALE
5203,43,FEMALE
5204,43,MALE
5205,43,MALE
5206,43,MALE
5207,43,FEMALE
5208,43,FEMALE
5209,43,MALE
5210,43,MALE
5211,43,MALE
5212,43,MALE
5213,43,MALE
5214,43,FEMALE
5215,43,MALE
5216,43,MALE
5217,43,FEMALE
5218,43,FEMALE
5219,43,MALE
5220,43,FEMALE
5221,43,MALE
5222,43,MALE
5223,43,MALE
5224,43,MALE
5225,43,FEMALE
5226,43,MALE
5227,43,FEMALE
5228,43,FEMALE
5229,43,FEMALE
5230,43,MALE
5231,43,MALE
5232,43,FEMALE
5233,43,MALE
5234,43,MALE
5235,43,FEMALE
5236,43,MALE
5237,42,MALE
5238,43,FEMALE
5239,42,MALE
5240,43,FEMALE
5241,42,MALE
5242,42,MALE
5243,42,MALE
5244,42,MALE
5245,43,MALE
5246,42,MALE
5247,42,FEMALE
5248,42,FEMALE
5249,42,MALE
5250,42,FEMALE
5251,42,FEMALE
5252,42,FEMALE
5253,42,FEMALE
5254,42,FEMALE
5255,42,FEMALE
5256,42,MALE
5257,42,MALE
5258,42,FEMALE
5259,42,FEMALE
5260,42,MALE
5261,42,FEMALE
5262,42,FEMALE
5263,42,FEMALE
5264,42,MALE
5265,42,FEMALE
5266,42,FEMALE
5267,42,MALE
5268,42,FEMALE
5269,42,MALE
5270,42,MALE
5271,42,UNKNOWN
5272,42,MALE
5273,41,MALE
5274,41,FEMALE
5276,41,FEMALE
5277,41,MALE
5278,41,FEMALE
5279,41,FEMALE
5280,41,MALE
5281,41,MALE
5282,41,MALE
5283,41,MALE
5284,41,MALE
5285,41,MALE
5287,41,MALE
5288,41,MALE
5289,41,FEMALE
5290,41,FEMALE
5291,41,MALE
5292,41,MALE
5293,41,MALE
5294,41,FEMALE
5295,41,FEMALE
5296,41,MALE
5297,41,MALE
5298,41,MALE
5299,41,FEMALE
5300,41,MALE
5301,41,MALE
5302,41,FEMALE
5303,41,MALE
5304,41,MALE
5305,41,FEMALE
5306,41,FEMALE
5307,40,FEMALE
5308,40,MALE
5309,40,MALE
5310,40,FEMALE
5311,40,MALE
5312,40,MALE
5313,40,MALE
5314,40,MALE
5315,40,MALE
5316,40,MALE
5317,40,FEMALE
5318,40,MALE
5319,40,FEMALE
5320,40,MALE
5321,40,MALE
5322,40,MALE
5323,40,MALE
5324,40,FEMALE
5325,40,FEMALE
5326,40,MALE
5327,40,FEMALE
5328,40,MALE
5329,40,FEMALE
5330,40,MALE
5331,40,FEMALE
5332,40,MALE
5333,40,MALE
5334,40,FEMALE
5335,40,MALE
5336,40,FEMALE
5337,40,MALE
5338,40,FEMALE
5339,40,MALE
5340,40,MALE
5341,40,FEMALE
5342,40,FEMALE
5343,40,MALE
5344,40,MALE
5345,39,MALE
5346,40,MALE
5347,40,MALE
5348,39,MALE
5349,40,FEMALE
5350,40,MALE
5351,39,MALE
5352,39,MALE
5353,40,FEMALE
5354,39,FEMALE
5355,39,FEMALE
5356,39,MALE
5357,39,FEMALE
5358,39,MALE
5360,39,FEMALE
5361,39,MALE
5362,39,MALE
5363,39,MALE
5364,39,FEMALE
5365,39,FEMALE
5366,39,MALE
5367,39,FEMALE
5368,39,FEMALE
5369,39,FEMALE
5370,39,FEMALE
5371,39,FEMALE
5372,39,FEMALE
5373,39,FEMALE
5374,39,FEMALE
5375,39,FEMALE
5376,39,MALE
5377,39,MALE
5378,39,MALE
5379,39,MALE
5380,39,MALE
5381,39,MALE
5382,39,FEMALE
5383,39,FEMALE
5384,39,MALE
5385,39,MALE
5386,39,MALE
5387,39,MALE
5388,39,FEMALE
5389,39,FEMALE
5390,39,FEMALE
5391,39,MALE
5392,39,MALE
5393,39,FEMALE
5394,39,MALE
5395,39,MALE
5396,38,FEMALE
5397,39,FEMALE
5398,38,MALE
5399,38,MALE
5400,38,MALE
5401,38,MALE
5402,38,MALE
5403,38,MALE
5404,38,MALE
5405,38,MALE
5406,38,MALE
5407,38,FEMALE
5408,38,FEMALE
5409,38,FEMALE
5410,37,MALE
5411,38,FEMALE
5412,38,FEMALE
5413,38,MALE
5414,38,MALE
5415,38,FEMALE
5416,38,MALE
5417,38,FEMALE
5418,38,MALE
5419,38,FEMALE
5420,38,MALE
5421,38,FEMALE
5422,38,MALE
5423,38,MALE
5424,38,FEMALE
5425,38,FEMALE
5426,38,FEMALE
5427,38,MALE
5428,38,FEMALE
5429,38,FEMALE
5430,37,MALE
5431,37,FEMALE
5432,37,FEMALE
5433,37,FEMALE
5434,37,FEMALE
5435,38,FEMALE
5436,37,MALE
5437,37,FEMALE
5438,37,MALE
5439,37,FEMALE
5440,37,FEMALE
5441,37,FEMALE
5442,37,MALE
5443,37,MALE
5444,37,FEMALE
5445,37,MALE
5446,37,FEMALE
5447,37,MALE
5448,37,FEMALE
5449,37,MALE
5450,37,FEMALE
5451,37,FEMALE
5452,37,MALE
5453,37,MALE
5454,37,MALE
5455,37,MALE
5456,37,MALE
5457,37,FEMALE
5458,37,MALE
5459,37,FEMALE
5460,37,MALE
5461,37,MALE
5462,36,MALE
5463,37,MALE
5464,37,FEMALE
5465,37,FEMALE
5466,37,MALE
5467,36,FEMALE
5468,36,FEMALE
5469,36,MALE
5470,37,MALE
5471,36,FEMALE
5472,36,FEMALE
5473,36,MALE
5474,36,MALE
5475,36,MALE
5476,36,FEMALE
5477,36,MALE
5478,36,FEMALE
5479,36,MALE
5480,36,FEMALE
5481,36,FEMALE
5482,36,FEMALE
5483,36,MALE
5484,36,FEMALE
5485,36,MALE
5486,36,FEMALE
5487,36,MALE
5488,36,FEMALE
5489,36,MALE
5490,36,MALE
5491,36,FEMALE
5492,36,MALE
5493,36,MALE
5494,36,MALE
5495,36,MALE
5496,36,MALE
5497,36,MALE
5498,36,FEMALE
5499,36,MALE
5500,36,MALE
5501,36,MALE
5502,36,MALE
5503,36,FEMALE
5504,36,MALE
5505,36,FEMALE
5506,36,FEMALE
5507,36,MALE
5508,36,FEMALE
5509,36,MALE
5510,36,MALE
5511,36,MALE
5512,36,MALE
5513,36,MALE
5514,35,FEMALE
5515,36,FEMALE
5516,35,FEMALE
5517,35,FEMALE
5518,36,MALE
5519,35,FEMALE
5520,36,MALE
5521,35,MALE
5522,35,FEMALE
5523,35,FEMALE
5524,35,FEMALE
5525,35,MALE
5526,35,FEMALE
5527,35,FEMALE
5528,35,MALE
5530,35,MALE
5531,35,FEMALE
5532,35,MALE
5533,35,FEMALE
5534,35,MALE
5535,35,MALE
5536,35,MALE
5537,35,FEMALE
5538,35,MALE
5539,35,FEMALE
5540,35,MALE
5541,35,MALE
5542,35,FEMALE
5543,35,FEMALE
5544,35,MALE
5545,35,FEMALE
5546,35,MALE
5547,35,FEMALE
5548,35,FEMALE
5549,35,MALE
5550,35,MALE
5551,35,MALE
5552,35,MALE
5553,35,MALE
5554,34,MALE
5555,34,FEMALE
5556,35,FEMALE
5557,35,FEMALE
5558,34,FEMALE
5559,34,MALE
5560,34,MALE
5561,34,MALE
5562,35,FEMALE
5563,34,FEMALE
5564,35,MALE
5565,34,FEMALE
5566,34,MALE
5567,34,FEMALE
5568,34,MALE
5569,34,FEMALE
5570,34,MALE
5571,34,MALE
5572,34,FEMALE
5573,34,MALE
5574,34,MALE
5575,34,MALE
5576,34,FEMALE
5577,34,FEMALE
5578,34,FEMALE
5579,34,MALE
5580,34,MALE
5581,34,MALE
5582,34,MALE
5583,34,FEMALE
5584,34,MALE
5585,34,MALE
5586,34,MALE
5587,34,FEMALE
5588,34,MALE
5589,34,FEMALE
5590,34,MALE
5591,34,MALE
5592,34,FEMALE
5593,34,MALE
5594,34,MALE
5595,34,MALE
5596,34,MALE
5597,34,FEMALE
5598,34,MALE
5599,34,MALE
5600,34,FEMALE
5601,34,FEMALE
5602,34,FEMALE
5603,33,MALE
5604,34,FEMALE
5605,34,MALE
5606,33,MALE
5607,33,MALE
5608,34,FEMALE
5609,33,MALE
5610,34,FEMALE
5611,34,FEMALE
5612,34,FEMALE
5613,33,MALE
5614,33,FEMALE
5615,33,MALE
5616,33,MALE
5617,33,FEMALE
5618,33,MALE
5619,33,MALE
5620,33,MALE
5621,33,MALE
5622,33,MALE
5623,33,MALE
5624,33,FEMALE
5625,33,MALE
5626,33,FEMALE
5627,33,MALE
5628,33,MALE
5629,33,MALE
5630,33,MALE
5631,33,MALE
5632,33,FEMALE
5633,33,MALE
5634,33,MALE
5635,33,MALE
5636,33,MALE
5637,33,MALE
5638,33,MALE
5639,33,FEMALE
5640,33,MALE
5641,33,MALE
5642,33,FEMALE
5643,33,FEMALE
5644,33,MALE
5645,33,MALE
5646,33,FEMALE
5647,33,FEMALE
5648,33,FEMALE
5649,33,MALE
5650,33,MALE
5651,33,MALE
5652,33,MALE
5653,33,FEMALE
5654,33,FEMALE
5655,33,MALE
5656,33,MALE
5657,33,MALE
5658,33,FEMALE
5659,32,FEMALE
5660,33,MALE
5661,33,MALE
5662,33,MALE
5663,33,MALE
5664,33,MALE
5665,33,MALE
5666,32,MALE
5667,32,FEMALE
5668,32,MALE
5669,33,FEMALE
5670,33,MALE
5671,32,MALE
5672,32,MALE
5673,32,MALE
5674,32,MALE
5675,32,MALE
5676,32,MALE
5677,32,FEMALE
5678,32,MALE
5679,32,MALE
5680,32,MALE
5681,32,MALE
5682,32,FEMALE
5683,32,MALE
5684,32,MALE
5685,32,MALE
5686,32,FEMALE
5687,32,FEMALE
5688,32,MALE
5689,32,FEMALE
5690,32,FEMALE
5691,32,FEMALE
5692,32,FEMALE
5693,32,MALE
5694,32,FEMALE
5695,32,MALE
5696,32,MALE
5697,32,FEMALE
5698,32,FEMALE
5699,32,FEMALE
5700,32,FEMALE
5701,32,MALE
5702,32,FEMALE
5703,32,MALE
5704,32,FEMALE
5705,32,FEMALE
5706,32,MALE
5707,32,MALE
5708,32,FEMALE
5709,32,MALE
5710,32,FEMALE
5711,32,FEMALE
5712,32,FEMALE
5713,32,FEMALE
5714,32,MALE
5715,32,MALE
5716,32,MALE
5717,32,MALE
5718,32,MALE
5719,32,FEMALE
5720,32,MALE
5721,32,MALE
5722,32,MALE
5723,32,MALE
5724,32,MALE
5725,32,FEMALE
5726,32,FEMALE
5727,32,MALE
5728,31,MALE
5729,31,MALE
5730,31,MALE
5731,31,MALE
5732,32,FEMALE
5733,31,MALE
5734,31,MALE
5735,31,FEMALE
5736,31,MALE
5737,31,FEMALE
5738,31,MALE
5739,31,MALE
5740,31,FEMALE
5741,31,FEMALE
5742,31,FEMALE
5743,31,FEMALE
5744,31,FEMALE
5745,31,MALE
5746,31,FEMALE
5747,31,FEMALE
5748,31,MALE
5749,31,FEMALE
5750,31,FEMALE
5751,31,FEMALE
5752,31,MALE
5753,31,FEMALE
5754,31,MALE
5755,31,FEMALE
5756,31,FEMALE
5757,31,FEMALE
5758,31,MALE
5759,31,FEMALE
5760,31,FEMALE
5761,31,FEMALE
5762,31,MALE
5763,31,MALE
5764,31,FEMALE
5765,31,FEMALE
5766,31,MALE
5767,31,MALE
5768,31,FEMALE
5769,31,MALE
5770,31,MALE
5771,31,MALE
5772,31,MALE
5773,31,MALE
5774,31,MALE
5775,31,MALE
5776,31,FEMALE
5777,31,MALE
5778,31,MALE
5779,31,FEMALE
5780,31,MALE
5781,31,FEMALE
5782,31,MALE
5783,31,MALE
5784,31,MALE
5785,31,FEMALE
5786,30,MALE
5787,31,MALE
5788,31,MALE
5789,31,FEMALE
5790,31,MALE
5791,31,FEMALE
5792,30,FEMALE
5793,31,MALE
5794,30,MALE
5795,30,FEMALE
5796,30,FEMALE
5797,30,MALE
5798,30,MALE
5799,30,MALE
5800,31,FEMALE
5801,31,FEMALE
5802,30,FEMALE
5803,30,MALE
5804,30,FEMALE
5805,30,MALE
5806,30,MALE
5807,30,MALE
5808,30,MALE
5809,30,FEMALE
5810,30,MALE
5811,30,MALE
5812,30,FEMALE
5813,30,FEMALE
5814,30,MALE
5815,30,FEMALE
5816,30,MALE
5817,30,MALE
5818,30,MALE
5819,30,MALE
5820,30,FEMALE
5821,30,FEMALE
5822,30,MALE
5823,30,FEMALE
5824,30,MALE
5825,30,MALE
5826,30,MALE
5827,30,MALE
5828,30,FEMALE
5829,30,FEMALE
5830,30,FEMALE
5831,30,MALE
5832,30,FEMALE
5833,30,FEMALE
5834,30,MALE
5835,30,FEMALE
5836,30,MALE
5837,30,MALE
5838,30,FEMALE
5839,30,MALE
5840,30,FEMALE
5841,30,MALE
5842,30,MALE
5843,30,FEMALE
5844,30,FEMALE
5845,30,FEMALE
5846,30,MALE
5847,30,MALE
5848,30,FEMALE
5849,30,MALE
5850,30,MALE
5851,30,MALE
5852,30,FEMALE
5853,29,FEMALE
5854,30,FEMALE
5855,30,MALE
5856,30,MALE
5857,30,MALE
5858,30,FEMALE
5859,30,MALE
5860,30,FEMALE
5861,30,MALE
5862,29,FEMALE
5863,30,MALE
5864,30,MALE
5865,29,MALE
5866,29,FEMALE
5867,29,MALE
5868,30,FEMALE
5869,29,FEMALE
5870,29,MALE
5871,29,FEMALE
5872,29,MALE
5873,29,FEMALE
5874,29,FEMALE
5875,29,FEMALE
5876,29,FEMALE
5877,29,MALE
5878,29,MALE
5879,29,MALE
5880,29,MALE
5881,29,FEMALE
5882,29,MALE
5883,29,MALE
5884,29,FEMALE
5885,29,FEMALE
5886,29,MALE
5887,29,MALE
5888,29,MALE
5889,29,MALE
5890,29,MALE
5891,29,MALE
5892,29,FEMALE
5893,29,MALE
5894,29,MALE
5895,29,FEMALE
5896,29,MALE
5897,29,MALE
5898,29,MALE
5899,29,MALE
5900,29,MALE
5901,29,MALE
5902,29,MALE
5903,29,MALE
5904,29,MALE
5905,29,FEMALE
5906,29,FEMALE
5907,29,FEMALE
5908,29,MALE
5909,29,MALE
5910,29,FEMALE
5911,29,MALE
5912,29,FEMALE
5913,29,MALE
5914,29,MALE
5915,29,FEMALE
5916,29,MALE
5917,28,MALE
5918,29,FEMALE
5919,29,MALE
5920,29,MALE
5921,29,MALE
5922,29,MALE
5923,29,FEMALE
5924,29,FEMALE
5925,29,FEMALE
5926,29,FEMALE
5927,28,MALE
5928,29,MALE
5929,28,MALE
5930,28,MALE
5931,28,FEMALE
5932,28,FEMALE
5933,28,FEMALE
5934,29,MALE
5935,28,FEMALE
5936,28,MALE
5937,28,MALE
5938,28,FEMALE
5939,28,MALE
5940,28,FEMALE
5941,28,FEMALE
5942,28,MALE
5943,28,MALE
5944,28,MALE
5945,28,FEMALE
5946,28,UNKNOWN
5947,28,FEMALE
5948,28,MALE
5949,28,FEMALE
5950,28,FEMALE
5951,28,FEMALE
5952,28,MALE
5953,28,FEMALE
5954,28,MALE
5955,28,MALE
5956,28,MALE
5957,28,MALE
5958,28,FEMALE
5959,28,MALE
5960,28,FEMALE
5961,28,MALE
5962,28,MALE
5963,28,MALE
5964,28,MALE
5965,28,MALE
5966,28,FEMALE
5967,28,FEMALE
5968,28,MALE
5969,28,MALE
5970,28,FEMALE
5971,28,MALE
5972,28,FEMALE
5973,28,FEMALE
5974,28,FEMALE
5975,28,MALE
5976,28,MALE
5977,28,FEMALE
5978,28,MALE
5979,28,FEMALE
5980,28,MALE
5981,27,FEMALE
5982,28,MALE
5983,27,MALE
5984,27,MALE
5985,27,MALE
5986,27,FEMALE
5987,27,FEMALE
5988,27,FEMALE
5989,27,FEMALE
5990,28,MALE
5991,27,FEMALE
5992,27,FEMALE
5993,27,MALE
5994,27,FEMALE
5995,27,MALE
5996,27,FEMALE
5997,27,MALE
5998,27,MALE
5999,27,MALE
6000,27,FEMALE
6001,27,FEMALE
6002,27,FEMALE
6003,27,MALE
6004,27,MALE
6005,27,MALE
6006,27,MALE
6007,27,MALE
6008,27,MALE
6009,27,MALE
6010,27,FEMALE
6011,27,MALE
6012,27,FEMALE
6013,27,MALE
6014,27,MALE
6015,27,FEMALE
6016,27,MALE
6017,27,MALE
6018,27,FEMALE
6019,27,MALE
6020,27,MALE
6021,27,MALE
6022,27,MALE
6023,27,FEMALE
6024,27,FEMALE
6025,27,MALE
6026,27,FEMALE
6027,27,MALE
6028,27,FEMALE
6029,27,MALE
6030,27,MALE
6031,27,FEMALE
6032,27,MALE
6033,27,FEMALE
6034,27,MALE
6035,27,MALE
6036,27,MALE
6037,27,MALE
6038,27,MALE
6039,27,FEMALE
6040,27,FEMALE
6041,27,FEMALE
6042,27,MALE
6043,27,MALE
6044,26,FEMALE
6045,27,FEMALE
6046,27,MALE
6047,27,FEMALE
6048,27,FEMALE
6049,26,MALE
6050,27,FEMALE
6051,26,MALE
6052,26,MALE
6053,26,FEMALE
6054,26,FEMALE
6055,26,MALE
6056,26,MALE
6057,26,MALE
6058,26,FEMALE
6059,26,FEMALE
6060,26,FEMALE
6061,26,FEMALE
6062,26,FEMALE
6063,26,MALE
6064,26,MALE
6065,26,MALE
6066,26,MALE
6067,26,FEMALE
6068,26,FEMALE
6069,26,MALE
6070,26,FEMALE
6071,26,FEMALE
6072,26,MALE
6073,26,FEMALE
6074,26,MALE
6075,26,MALE
6076,26,MALE
6077,26,FEMALE
6078,26,MALE
6079,26,FEMALE
6080,26,MALE
6081,26,FEMALE
6082,26,FEMALE
6083,26,MALE
6084,26,MALE
6085,26,MALE
6086,25,MALE
6087,26,FEMALE
6088,26,MALE
6089,26,FEMALE
6090,26,MALE
6091,26,FEMALE
6092,25,MALE
6093,25,MALE
6094,25,FEMALE
6095,25,FEMALE
6097,25,MALE
6098,25,FEMALE
6099,25,FEMALE
6100,25,MALE
6101,25,FEMALE
6102,25,MALE
6103,25,MALE
6104,25,FEMALE
6105,25,MALE
6106,25,FEMALE
6107,25,FEMALE
6108,25,MALE
6109,25,MALE
6110,25,MALE
6111,25,FEMALE
6112,25,MALE
6113,25,MALE
6114,25,FEMALE
6115,25,FEMALE
6116,25,MALE
6117,25,MALE
6118,25,FEMALE
6119,25,FEMALE
6120,25,MALE
6121,25,MALE
6122,25,MALE
6123,25,MALE
6124,25,FEMALE
6125,25,FEMALE
6126,25,FEMALE
6127,25,MALE
6128,25,MALE
6129,25,MALE
6130,25,MALE
6131,25,MALE
6132,25,MALE
6133,25,MALE
6134,25,FEMALE
6135,25,FEMALE
6136,25,FEMALE
6137,25,MALE
6138,24,FEMALE
6139,25,FEMALE
6140,24,FEMALE
6141,25,MALE
6142,25,FEMALE
6143,25,MALE
6144,25,MALE
6145,25,MALE
6146,24,MALE
6147,25,FEMALE
6148,24,FEMALE
6149,24,MALE
6150,24,MALE
6151,24,MALE
6152,24,MALE
6153,24,FEMALE
6154,24,MALE
6155,24,FEMALE
6156,24,MALE
6157,24,FEMALE
6158,24,FEMALE
6159,24,MALE
6160,24,FEMALE
6161,24,MALE
6162,24,MALE
6163,24,MALE
6164,24,FEMALE
6165,24,FEMALE
6166,24,MALE
6167,24,MALE
6168,24,FEMALE
6169,24,MALE
6170,24,FEMALE
6171,24,FEMALE
6172,24,FEMALE
6173,24,MALE
6174,24,FEMALE
6175,24,FEMALE
6176,24,MALE
6177,24,FEMALE
6178,24,FEMALE
6179,24,MALE
6180,24,MALE
6181,24,MALE
6182,24,MALE
6183,24,FEMALE
6184,24,MALE
6185,24,MALE
6186,24,FEMALE
6187,24,MALE
6188,24,FEMALE
6189,24,MALE
6190,24,FEMALE
6191,23,FEMALE
6192,23,MALE
6193,24,MALE
6194,24,FEMALE
6195,24,MALE
6196,23,MALE
6197,23,MALE
6198,24,FEMALE
6199,23,MALE
6200,23,MALE
6201,24,MALE
6202,23,MALE
6203,23,MALE
6204,23,MALE
6205,23,FEMALE
6206,23,FEMALE
6207,23,FEMALE
6208,23,MALE
6209,23,MALE
6210,23,MALE
6211,23,FEMALE
6212,23,MALE
6213,23,FEMALE
6214,23,MALE
6215,23,FEMALE
6216,23,FEMALE
6217,23,FEMALE
6218,23,MALE
6219,23,MALE
6220,23,MALE
6221,23,FEMALE
6222,23,MALE
6223,23,MALE
6224,23,FEMALE
6225,23,MALE
6226,23,FEMALE
6227,23,MALE
6228,23,FEMALE
6229,23,MALE
6230,23,MALE
6231,23,FEMALE
6232,23,MALE
6233,23,FEMALE
6234,23,FEMALE
6235,23,MALE
6236,23,FEMALE
6237,23,FEMALE
6238,23,FEMALE
6239,23,FEMALE
6240,23,MALE
6241,23,FEMALE
6242,23,FEMALE
6243,22,MALE
6244,23,FEMALE
6245,22,MALE
6246,23,MALE
6247,22,FEMALE
6248,22,FEMALE
6249,22,FEMALE
6250,22,MALE
6251,22,FEMALE
6252,22,MALE
6253,22,MALE
6254,22,MALE
6255,22,MALE
6256,22,FEMALE
6257,22,MALE
6258,22,MALE
6259,22,MALE
6260,22,MALE
6261,22,MALE
6262,22,MALE
6263,22,FEMALE
6264,22,FEMALE
6265,22,FEMALE
6266,22,FEMALE
6267,22,FEMALE
6268,22,MALE
6269,22,MALE
6270,22,FEMALE
6271,22,FEMALE
6272,22,FEMALE
6273,22,MALE
6274,22,FEMALE
6275,22,FEMALE
6276,22,FEMALE
6277,22,MALE
6278,22,MALE
6279,22,MALE
6280,22,MALE
6281,22,MALE
6282,22,MALE
6283,21,MALE
6284,22,FEMALE
6285,21,MALE
6286,21,MALE
6287,22,FEMALE
6288,21,FEMALE
6289,21,MALE
6290,22,FEMALE
6291,21,MALE
6292,21,MALE
6293,21,FEMALE
6294,21,FEMALE
6295,21,FEMALE
6296,21,MALE
6297,21,FEMALE
6298,21,MALE
6299,21,MALE
6300,21,FEMALE
6301,21,FEMALE
6302,21,MALE
6303,21,MALE
6304,21,MALE
6305,21,MALE
6306,21,FEMALE
6307,21,MALE
6308,21,MALE
6309,21,FEMALE
6310,21,FEMALE
6311,21,FEMALE
6312,21,MALE
6313,21,MALE
6314,21,FEMALE
6315,21,MALE
6316,21,FEMALE
6317,21,FEMALE
6318,21,MALE
6319,21,MALE
6320,21,MALE
6321,21,FEMALE
6322,21,FEMALE
6323,21,MALE
6324,21,MALE
6325,21,MALE
6326,21,FEMALE
6327,21,MALE
6328,21,MALE
6329,21,MALE
6330,21,FEMALE
6331,21,FEMALE
6332,21,MALE
6333,21,MALE
6334,21,MALE
6335,21,MALE
6336,20,MALE
6337,21,FEMALE
6338,20,FEMALE
6339,20,FEMALE
6340,20,MALE
6341,20,MALE
6342,20,MALE
6343,21,MALE
6344,20,MALE
6345,21,MALE
6346,20,FEMALE
6347,20,MALE
6348,20,FEMALE
6349,20,FEMALE
6350,20,MALE
6351,20,MALE
6353,20,MALE
6354,20,MALE
6355,20,MALE
6356,20,MALE
6357,20,MALE
6358,20,MALE
6359,20,FEMALE
6360,20,MALE
6361,20,MALE
6362,20,MALE
6363,20,FEMALE
6364,20,MALE
6365,20,MALE
6366,20,FEMALE
6367,20,MALE
6368,20,FEMALE
6369,20,MALE
6370,20,MALE
6371,20,MALE
6372,20,FEMALE
6373,20,MALE
6374,20,MALE
6375,19,MALE
6376,20,FEMALE
6377,20,FEMALE
6378,20,MALE
6379,17,FEMALE
6380,19,MALE
6381,20,MALE
6382,19,MALE
6383,20,FEMALE
6384,19,MALE
6385,19,MALE
6386,20,MALE
6387,20,FEMALE
6388,19,FEMALE
6390,19,FEMALE
6391,19,FEMALE
6392,19,FEMALE
6393,19,MALE
6394,19,MALE
6395,19,MALE
6396,19,MALE
6397,19,MALE
6398,19,FEMALE
6399,19,MALE
6400,19,MALE
6401,19,MALE
6402,19,MALE
6403,19,MALE
6404,19,FEMALE
6405,19,MALE
6406,19,FEMALE
6407,19,MALE
6408,19,FEMALE
6409,19,MALE
6410,19,MALE
6411,18,MALE
6412,18,MALE
6413,18,MALE
6414,18,MALE
6415,18,MALE
6416,18,FEMALE
6417,18,FEMALE
6418,18,MALE
6419,18,FEMALE
6420,18,FEMALE
6421,18,FEMALE
6422,18,MALE
6423,18,FEMALE
6424,18,MALE
6425,18,MALE
6426,18,FEMALE
6427,18,FEMALE
6428,18,MALE
6429,18,MALE
6430,18,MALE
6431,18,FEMALE
6432,18,FEMALE
6433,18,MALE
6434,18,MALE
6435,18,MALE
6436,18,MALE
6437,18,MALE
6438,18,MALE
6439,18,FEMALE
6440,18,MALE
6441,18,FEMALE
6442,18,MALE
6443,18,FEMALE
6444,17,MALE
6445,17,FEMALE
6446,17,MALE
6448,17,MALE
6449,17,MALE
6450,17,MALE
6451,17,FEMALE
6452,17,FEMALE
6453,17,MALE
6454,17,MALE
6455,17,FEMALE
6456,17,MALE
6457,17,MALE
6458,17,MALE
6459,17,MALE
6460,17,FEMALE
6461,17,FEMALE
6462,17,FEMALE
6463,17,MALE
6464,17,MALE
6465,17,MALE
6466,17,FEMALE
6467,17,MALE
6468,17,FEMALE
6469,17,FEMALE
6470,17,MALE
6471,17,MALE
6472,17,MALE
6473,16,FEMALE
6474,17,MALE
6475,16,FEMALE
6476,16,MALE
6477,16,MALE
6478,16,MALE
6479,16,FEMALE
6480,16,FEMALE
6481,16,MALE
6482,16,MALE
6483,16,MALE
6484,16,MALE
6485,16,FEMALE
6486,16,MALE
6487,16,MALE
6488,15,MALE
6489,16,MALE
6490,15,FEMALE
6491,15,FEMALE
6492,15,FEMALE
6493,15,MALE
6494,15,MALE
6495,15,MALE
6496,15,MALE
6497,15,MALE
6498,15,MALE
6499,15,MALE
6500,15,MALE
6501,14,FEMALE
6502,14,MALE
6503,14,MALE
6504,14,MALE
6505,14,MALE
6506,14,MALE
6507,14,FEMALE
6508,14,MALE
6509,14,MALE
6510,14,MALE
6511,14,MALE
6512,14,MALE
6513,14,MALE
6514,13,FEMALE
6515,13,MALE
6516,13,MALE
6517,13,MALE
6518,11,MALE
6519,10,MALE
6520,10,FEMALE
6521,9,MALE
6522,9,MALE
6523,8,MALE
6524,7,FEMALE
6525,6,MALE
6526,4,MALE
6527,3,FEMALE
6528,3,MALE
6529,2,FEMALE
6530,2,MALE
6531,2,MALE
6532,2,FEMALE
6533,1,MALE
6534,1,MALE
6535,1,MALE
6536,1,MALE
6537,1,MALE
6538,91,FEMALE
6539,90,FEMALE
6540,UNK,MALE
6541,UNK,MALE
6542,UNK,FEMALE
6544,UNK,MALE
6545,UNK,MALE
6546,UNK,MALE
6547,UNK,MALE
6548,UNK,FEMALE
6549,UNK,FEMALE
6550,UNK,UNKNOWN
6551,UNK,MALE
6552,UNK,MALE
6553,UNK,MALE
6554,UNK,MALE
6555,UNK,MALE
6556,UNK,MALE
6557,UNK,MALE
6558,UNK,MALE
6559,UNK,MALE
6560,UNK,MALE
6561,UNK,FEMALE
6562,UNK,MALE
6563,UNK,FEMALE
6564,37,FEMALE
6565,UNK,FEMALE
6566,UNK,UNKNOWN
6567,UNK,MALE
6568,UNK,UNKNOWN
6569,UNK,MALE
6570,UNK,MALE
6571,UNK,MALE
6572,UNK,FEMALE
6573,UNK,MALE
6574,UNK,MALE
6575,UNK,MALE
6576,UNK,MALE
6577,UNK,UNKNOWN
6578,UNK,UNKNOWN
6579,UNK,MALE
6580,UNK,FEMALE
6581,UNK,MALE
6582,UNK,FEMALE
6583,UNK,FEMALE
6584,UNK,MALE
6585,UNK,MALE
6586,UNK,MALE
6587,UNK,FEMALE
6588,UNK,FEMALE
6589,UNK,MALE
6590,UNK,MALE
6591,UNK,MALE
6592,UNK,MALE
6593,UNK,MALE
6594,UNK,MALE
6595,UNK,MALE
6596,UNK,FEMALE
6597,UNK,MALE
6598,UNK,FEMALE
6599,UNK,MALE
6600,UNK,MALE
6601,UNK,MALE
6602,UNK,UNKNOWN
6603,UNK,MALE
6604,UNK,MALE
6605,UNK,FEMALE
6606,UNK,FEMALE
6607,UNK,MALE
6608,UNK,MALE
6609,UNK,FEMALE
6610,UNK,FEMALE
6611,UNK,FEMALE
6612,UNK,MALE
6613,22,MALE
6614,UNK,FEMALE
6615,UNK,FEMALE
6616,UNK,MALE
6617,UNK,MALE
6618,25,MALE
6619,UNK,FEMALE
6620,20,FEMALE
6622,UNK,MALE
6623,UNK,MALE
6624,UNK,FEMALE
6625,UNK,MALE
6626,UNK,MALE
6627,UNK,FEMALE
6628,UNK,UNKNOWN
6629,UNK,FEMALE
6630,UNK,MALE
6631,UNK,MALE
6632,UNK,MALE
6633,UNK,MALE
6634,UNK,MALE
6635,UNK,MALE
6636,UNK,FEMALE
6637,UNK,MALE
6638,UNK,MALE
6639,UNK,UNKNOWN
6640,UNK,UNKNOWN
6641,UNK,MALE
6642,UNK,MALE
6643,UNK,MALE
6644,UNK,MALE
6645,UNK,MALE
6646,UNK,MALE
6647,UNK,MALE
6648,UNK,FEMALE
6649,UNK,MALE
6650,UNK,FEMALE
6652,UNK,MALE
6653,UNK,FEMALE
6654,UNK,MALE
6655,UNK,FEMALE
6656,UNK,FEMALE
6657,UNK,MALE
6658,UNK,MALE
6659,UNK,MALE
6660,UNK,MALE
6661,UNK,MALE
6662,UNK,MALE
6663,UNK,FEMALE
6664,UNK,MALE
6665,UNK,MALE
6666,UNK,MALE
6667,UNK,FEMALE
6668,UNK,FEMALE
6669,UNK,FEMALE
6670,UNK,MALE
6671,UNK,MALE
6672,UNK,FEMALE
6673,UNK,MALE
6674,UNK,FEMALE
6675,UNK,MALE
6676,UNK,MALE
6677,UNK,FEMALE
6678,UNK,UNKNOWN
6679,UNK,MALE
6680,UNK,MALE
6681,UNK,MALE
6682,UNK,UNKNOWN
6683,UNK,UNKNOWN
6684,UNK,UNKNOWN
6685,UNK,UNKNOWN
6686,UNK,UNKNOWN
6687,UNK,MALE
6688,UNK,MALE
6689,3,FEMALE
6690,UNK,MALE
6691,UNK,MALE
6692,UNK,MALE
6693,UNK,MALE
6694,UNK,MALE
6695,UNK,FEMALE
6696,UNK,UNKNOWN
6697,UNK,MALE
6698,UNK,MALE
6699,UNK,MALE
6700,22,MALE
6701,UNK,UNKNOWN
6702,UNK,MALE
6703,UNK,FEMALE
6704,30,MALE
6705,29,FEMALE
6707,30,MALE
6708,UNK,MALE
6709,UNK,MALE
6710,50,MALE
6711,UNK,FEMALE
6712,UNK,MALE
6713,UNK,MALE
6714,UNK,MALE
6715,20,MALE
6716,40,MALE
6717,UNK,MALE
6718,UNK,MALE
6719,20,MALE
6720,UNK,MALE
6721,UNK,MALE
6722,30,FEMALE
6723,UNK,UNKNOWN
6724,UNK,UNKNOWN
6725,UNK,MALE
6726,UNK,MALE
6727,20,MALE
6728,UNK,UNKNOWN
6729,UNK,UNKNOWN
6730,UNK,UNKNOWN
6731,UNK,UNKNOWN
6732,UNK,UNKNOWN
6733,UNK,UNKNOWN
6734,UNK,UNKNOWN
6735,UNK,UNKNOWN
6736,UNK,UNKNOWN
6737,UNK,UNKNOWN
6738,UNK,UNKNOWN
6739,UNK,UNKNOWN
6740,UNK,UNKNOWN
6741,UNK,UNKNOWN
6742,UNK,UNKNOWN
6743,UNK,UNKNOWN
6744,UNK,UNKNOWN
6745,UNK,UNKNOWN
6746,UNK,UNKNOWN
6747,UNK,UNKNOWN
6748,UNK,UNKNOWN
6749,UNK,UNKNOWN
6750,UNK,UNKNOWN
6751,UNK,UNKNOWN
6752,20,MALE
6753,UNK,UNKNOWN
6754,UNK,MALE
6755,UNK,UNKNOWN
6756,UNK,MALE
6757,UNK,UNKNOWN
6758,13,MALE
6759,UNK,UNKNOWN
6760,UNK,UNKNOWN
6761,UNK,UNKNOWN
6762,UNK,UNKNOWN
6763,UNK,UNKNOWN
6764,UNK,UNKNOWN
6765,UNK,UNKNOWN
6766,UNK,MALE
6767,UNK,MALE
6768,UNK,UNKNOWN
6769,UNK,MALE
6770,UNK,UNKNOWN
6771,UNK,UNKNOWN
6772,UNK,UNKNOWN
6773,UNK,UNKNOWN
6774,UNK,UNKNOWN
6775,UNK,UNKNOWN
6776,UNK,UNKNOWN
6777,UNK,UNKNOWN
6778,UNK,UNKNOWN
6779,UNK,UNKNOWN
6780,UNK,UNKNOWN
6781,UNK,UNKNOWN
6782,UNK,UNKNOWN
6783,UNK,UNKNOWN
6784,UNK,UNKNOWN
6785,UNK,UNKNOWN
6786,UNK,UNKNOWN
6787,UNK,UNKNOWN
6788,UNK,UNKNOWN
6789,UNK,UNKNOWN
6790,UNK,UNKNOWN
6791,UNK,UNKNOWN
6792,UNK,UNKNOWN
6793,UNK,UNKNOWN
6794,UNK,UNKNOWN
6795,UNK,UNKNOWN
6796,UNK,UNKNOWN
6797,UNK,UNKNOWN
6798,30,MALE
6799,UNK,MALE
6800,UNK,UNKNOWN
6801,UNK,UNKNOWN
6802,UNK,UNKNOWN
6803,UNK,UNKNOWN
6804,UNK,UNKNOWN
6805,UNK,UNKNOWN
6806,UNK,UNKNOWN
6807,UNK,UNKNOWN
6808,UNK,UNKNOWN
6809,UNK,UNKNOWN
6810,UNK,UNKNOWN
6811,UNK,UNKNOWN
6812,16,UNKNOWN
6813,16,MALE
6814,17,MALE
6815,UNK,MALE
6816,UNK,MALE
6817,UNK,MALE
6818,UNK,UNKNOWN
6819,UNK,UNKNOWN
6820,UNK,MALE
6821,UNK,UNKNOWN
6822,UNK,UNKNOWN
6823,UNK,UNKNOWN
6824,UNK,UNKNOWN
6825,UNK,UNKNOWN
6828,UNK,UNKNOWN
6829,13,UNKNOWN
6830,13,UNKNOWN
6831,13,UNKNOWN
6832,13,UNKNOWN
6833,UNK,UNKNOWN
6834,UNK,UNKNOWN
6835,UNK,UNKNOWN
6836,UNK,UNKNOWN
6837,UNK,UNKNOWN
6838,UNK,UNKNOWN
6839,UNK,UNKNOWN
6840,UNK,UNKNOWN
6841,UNK,UNKNOWN
6842,UNK,UNKNOWN
6843,UNK,UNKNOWN
6844,UNK,UNKNOWN
6845,UNK,UNKNOWN
6846,UNK,UNKNOWN
6847,UNK,UNKNOWN
6848,UNK,UNKNOWN
6849,UNK,UNKNOWN
6850,UNK,UNKNOWN
6851,UNK,UNKNOWN
6852,UNK,MALE
6853,UNK,UNKNOWN
6854,UNK,UNKNOWN
6855,UNK,UNKNOWN
6856,UNK,UNKNOWN
6857,UNK,UNKNOWN
6858,UNK,UNKNOWN
6859,UNK,UNKNOWN
6860,UNK,UNKNOWN
6861,UNK,UNKNOWN
6862,UNK,UNKNOWN
6863,UNK,UNKNOWN
6864,UNK,UNKNOWN
6865,UNK,UNKNOWN
6866,UNK,UNKNOWN
6867,UNK,UNKNOWN
6868,UNK,UNKNOWN
6869,UNK,UNKNOWN
6870,UNK,UNKNOWN
6871,UNK,UNKNOWN
6872,UNK,UNKNOWN
6873,UNK,UNKNOWN
6874,UNK,UNKNOWN
6875,UNK,UNKNOWN
6876,UNK,UNKNOWN
6877,UNK,UNKNOWN
6878,UNK,UNKNOWN
6879,UNK,UNKNOWN
6880,UNK,UNKNOWN
6881,UNK,UNKNOWN
6882,UNK,UNKNOWN
6883,UNK,UNKNOWN
6884,UNK,UNKNOWN
6885,UNK,UNKNOWN
6886,UNK,UNKNOWN
6887,UNK,UNKNOWN
6888,UNK,UNKNOWN
6889,UNK,UNKNOWN
6890,UNK,UNKNOWN
6891,UNK,UNKNOWN
6892,UNK,UNKNOWN
6893,UNK,UNKNOWN
6894,UNK,UNKNOWN
6895,UNK,UNKNOWN
6896,UNK,UNKNOWN
6897,UNK,UNKNOWN
6898,UNK,UNKNOWN
6899,UNK,UNKNOWN
6900,UNK,UNKNOWN
6901,UNK,UNKNOWN
6902,UNK,UNKNOWN
6903,UNK,UNKNOWN
6904,UNK,UNKNOWN
6905,UNK,UNKNOWN
6906,UNK,UNKNOWN
6907,UNK,UNKNOWN
6908,UNK,UNKNOWN
6909,UNK,UNKNOWN
6910,UNK,UNKNOWN
6911,UNK,UNKNOWN
6912,UNK,UNKNOWN
6913,UNK,UNKNOWN
6914,UNK,UNKNOWN
6915,UNK,UNKNOWN
6916,UNK,UNKNOWN
6917,UNK,UNKNOWN
6918,UNK,UNKNOWN
6919,UNK,UNKNOWN
6920,UNK,UNKNOWN
6921,UNK,UNKNOWN
6922,UNK,UNKNOWN
6923,UNK,UNKNOWN
6924,UNK,UNKNOWN
6925,UNK,UNKNOWN
6926,UNK,UNKNOWN
6927,UNK,UNKNOWN
6928,UNK,FEMALE
6929,UNK,UNKNOWN
6930,UNK,UNKNOWN
6931,UNK,UNKNOWN
6932,UNK,UNKNOWN
6933,UNK,UNKNOWN
6934,UNK,UNKNOWN
6935,UNK,UNKNOWN
6936,UNK,UNKNOWN
6937,UNK,UNKNOWN
6938,UNK,UNKNOWN
6939,UNK,UNKNOWN
6940,UNK,UNKNOWN
6941,UNK,UNKNOWN
6942,UNK,UNKNOWN
6943,UNK,UNKNOWN
6944,UNK,UNKNOWN
6945,UNK,UNKNOWN
6946,UNK,UNKNOWN
6947,UNK,UNKNOWN
6948,UNK,UNKNOWN
6949,UNK,UNKNOWN
6950,UNK,UNKNOWN
6951,UNK,UNKNOWN
6952,UNK,UNKNOWN
6953,UNK,UNKNOWN
6954,UNK,UNKNOWN
6955,UNK,UNKNOWN
6956,UNK,MALE
6957,UNK,UNKNOWN
6958,UNK,UNKNOWN
6959,UNK,UNKNOWN
6960,UNK,UNKNOWN
6961,UNK,UNKNOWN
6962,UNK,MALE
6963,UNK,MALE
6964,UNK,UNKNOWN
6965,UNK,UNKNOWN
6966,UNK,UNKNOWN
6967,UNK,UNKNOWN
6968,UNK,UNKNOWN
6969,UNK,UNKNOWN
6970,UNK,UNKNOWN
6971,UNK,UNKNOWN
6972,UNK,UNKNOWN
6973,UNK,UNKNOWN
6974,UNK,UNKNOWN
6975,UNK,UNKNOWN
6976,UNK,UNKNOWN
6977,UNK,UNKNOWN
6978,UNK,UNKNOWN
6979,UNK,UNKNOWN
6980,UNK,UNKNOWN
6981,UNK,UNKNOWN
6982,UNK,UNKNOWN
6983,UNK,UNKNOWN
6984,UNK,UNKNOWN
6985,UNK,UNKNOWN
6986,UNK,UNKNOWN
6987,UNK,UNKNOWN
6988,UNK,UNKNOWN
6989,UNK,UNKNOWN
6990,UNK,UNKNOWN
6991,UNK,UNKNOWN
6992,UNK,UNKNOWN
6993,UNK,UNKNOWN
6994,UNK,UNKNOWN
6995,UNK,UNKNOWN
6996,UNK,UNKNOWN
6997,UNK,UNKNOWN
6998,UNK,UNKNOWN
6999,UNK,UNKNOWN
7000,UNK,UNKNOWN
7001,UNK,UNKNOWN
7002,UNK,UNKNOWN
7003,UNK,UNKNOWN
7004,UNK,UNKNOWN
7005,UNK,UNKNOWN
7006,UNK,UNKNOWN
7007,UNK,UNKNOWN
7008,UNK,UNKNOWN
7009,UNK,UNKNOWN
7010,UNK,UNKNOWN
7011,UNK,UNKNOWN
7012,UNK,UNKNOWN
7013,UNK,UNKNOWN
7014,25,MALE
7015,UNK,UNKNOWN
7016,UNK,UNKNOWN
7017,UNK,UNKNOWN
7018,20,UNKNOWN
7019,UNK,FEMALE
7020,UNK,UNKNOWN
7021,UNK,UNKNOWN
7022,UNK,UNKNOWN
7023,UNK,UNKNOWN
7024,UNK,UNKNOWN
7025,UNK,UNKNOWN
7026,UNK,UNKNOWN
7027,UNK,UNKNOWN
7028,UNK,UNKNOWN
7029,UNK,UNKNOWN
7030,UNK,UNKNOWN
7031,UNK,UNKNOWN
7032,UNK,UNKNOWN
7033,UNK,UNKNOWN
7034,UNK,UNKNOWN
7035,UNK,UNKNOWN
7036,UNK,UNKNOWN
7037,UNK,UNKNOWN
7038,UNK,UNKNOWN
7039,UNK,UNKNOWN
7040,UNK,UNKNOWN
7041,UNK,UNKNOWN
7042,UNK,UNKNOWN
7043,UNK,UNKNOWN
7044,UNK,UNKNOWN
7045,UNK,UNKNOWN
7046,UNK,UNKNOWN
7047,27,MALE
7048,UNK,UNKNOWN
7049,UNK,UNKNOWN
7050,UNK,UNKNOWN
7051,UNK,UNKNOWN
7052,UNK,UNKNOWN
7053,UNK,UNKNOWN
7054,UNK,UNKNOWN
7055,UNK,UNKNOWN
7056,UNK,UNKNOWN
7057,UNK,UNKNOWN
7058,UNK,UNKNOWN
7059,UNK,UNKNOWN
7060,UNK,UNKNOWN
7061,UNK,UNKNOWN
7062,UNK,UNKNOWN
7063,UNK,UNKNOWN
7064,UNK,UNKNOWN
7065,UNK,UNKNOWN
7066,UNK,UNKNOWN
7067,UNK,UNKNOWN
7068,UNK,UNKNOWN
7069,UNK,UNKNOWN
7070,UNK,UNKNOWN
7071,UNK,MALE
7072,UNK,UNKNOWN
7073,UNK,UNKNOWN
7074,UNK,UNKNOWN
7075,UNK,UNKNOWN
7076,UNK,UNKNOWN
7077,UNK,UNKNOWN
7078,UNK,UNKNOWN
7079,UNK,UNKNOWN
7080,UNK,UNKNOWN
7081,UNK,UNKNOWN
7082,UNK,UNKNOWN
7083,UNK,UNKNOWN
7084,UNK,UNKNOWN
7085,UNK,UNKNOWN
7086,UNK,UNKNOWN
7087,UNK,UNKNOWN
7088,UNK,UNKNOWN
7089,UNK,UNKNOWN
7090,UNK,UNKNOWN
7091,UNK,UNKNOWN
7092,UNK,UNKNOWN
7093,UNK,UNKNOWN
7094,UNK,UNKNOWN
7095,UNK,MALE
7096,UNK,UNKNOWN
7097,UNK,UNKNOWN
7098,UNK,UNKNOWN
7099,UNK,UNKNOWN
7100,UNK,UNKNOWN
7101,UNK,UNKNOWN
7102,UNK,UNKNOWN
7103,UNK,UNKNOWN
7104,UNK,UNKNOWN
7105,UNK,UNKNOWN
7106,UNK,UNKNOWN
7107,UNK,UNKNOWN
7108,UNK,UNKNOWN
7109,UNK,UNKNOWN
7110,UNK,UNKNOWN
7111,UNK,UNKNOWN
7112,UNK,UNKNOWN
7113,UNK,UNKNOWN
7114,UNK,UNKNOWN
7115,UNK,UNKNOWN
7116,UNK,UNKNOWN
7117,UNK,UNKNOWN
7118,UNK,UNKNOWN
7119,UNK,UNKNOWN
7120,UNK,UNKNOWN
7121,UNK,UNKNOWN
7122,UNK,UNKNOWN
7123,UNK,UNKNOWN
7124,UNK,UNKNOWN
7125,UNK,UNKNOWN
7126,UNK,UNKNOWN
7127,UNK,UNKNOWN
7128,UNK,UNKNOWN
7129,UNK,UNKNOWN
7130,UNK,UNKNOWN
7131,UNK,UNKNOWN
7132,UNK,UNKNOWN
7133,UNK,UNKNOWN
7134,UNK,UNKNOWN
7135,UNK,UNKNOWN
7136,UNK,UNKNOWN
7137,UNK,UNKNOWN
7138,UNK,UNKNOWN
7139,UNK,UNKNOWN
7140,UNK,UNKNOWN
7141,UNK,UNKNOWN
7142,UNK,UNKNOWN
7143,UNK,UNKNOWN
7144,UNK,UNKNOWN
7145,UNK,UNKNOWN
7146,UNK,UNKNOWN
7147,UNK,UNKNOWN
7148,UNK,UNKNOWN
7149,UNK,UNKNOWN
7150,UNK,UNKNOWN
7151,UNK,UNKNOWN
7152,UNK,UNKNOWN
7153,UNK,UNKNOWN
7154,UNK,UNKNOWN
7155,UNK,UNKNOWN
7156,UNK,UNKNOWN
7157,UNK,UNKNOWN
7158,UNK,UNKNOWN
7159,UNK,UNKNOWN
7160,UNK,UNKNOWN
7161,UNK,UNKNOWN
7162,UNK,UNKNOWN
7163,UNK,UNKNOWN
7164,UNK,UNKNOWN
7165,UNK,UNKNOWN
7166,UNK,UNKNOWN
7167,UNK,UNKNOWN
7168,UNK,UNKNOWN
7169,UNK,UNKNOWN
7170,UNK,UNKNOWN
7171,UNK,UNKNOWN
7172,UNK,MALE
7173,UNK,UNKNOWN
7174,UNK,UNKNOWN
7175,UNK,UNKNOWN
7176,UNK,UNKNOWN
7177,UNK,UNKNOWN
7178,UNK,UNKNOWN
7179,UNK,UNKNOWN
7180,UNK,UNKNOWN
7181,UNK,UNKNOWN
7182,UNK,UNKNOWN
7183,UNK,UNKNOWN
7184,UNK,UNKNOWN
7185,UNK,UNKNOWN
7186,UNK,UNKNOWN
7187,UNK,UNKNOWN
7188,UNK,UNKNOWN
7189,UNK,UNKNOWN
7190,UNK,UNKNOWN
7191,UNK,UNKNOWN
7192,UNK,UNKNOWN
7193,UNK,UNKNOWN
7194,UNK,UNKNOWN
7195,UNK,UNKNOWN
7196,UNK,UNKNOWN
7197,UNK,UNKNOWN
7198,UNK,UNKNOWN
7199,UNK,UNKNOWN
7200,UNK,UNKNOWN
7201,UNK,UNKNOWN
7202,UNK,UNKNOWN
7203,UNK,UNKNOWN
7204,UNK,UNKNOWN
7205,UNK,UNKNOWN
7206,UNK,UNKNOWN
7207,UNK,UNKNOWN
7208,UNK,UNKNOWN
7209,UNK,UNKNOWN
7210,UNK,UNKNOWN
7211,UNK,UNKNOWN
7212,UNK,UNKNOWN
7213,UNK,MALE
7214,UNK,UNKNOWN
7215,UNK,UNKNOWN
7216,UNK,UNKNOWN
7217,UNK,UNKNOWN
7218,UNK,MALE
7219,UNK,UNKNOWN
7220,UNK,UNKNOWN
7221,UNK,UNKNOWN
7222,UNK,UNKNOWN
7223,UNK,UNKNOWN
7224,UNK,MALE
7225,20,MALE
7226,UNK,MALE
7227,UNK,UNKNOWN
7228,UNK,MALE
7229,UNK,MALE
7230,UNK,MALE
7231,UNK,MALE
7232,UNK,UNKNOWN
7233,UNK,MALE
7234,UNK,MALE
7235,UNK,MALE
7236,UNK,MALE
7237,20,FEMALE
7238,20,MALE
7239,20,MALE
7240,19,FEMALE
7241,UNK,MALE
7242,UNK,FEMALE
7243,UNK,MALE
7244,UNK,MALE
7245,UNK,MALE
7246,UNK,MALE
7247,UNK,FEMALE
7248,UNK,MALE
7249,UNK,MALE
7250,UNK,MALE
7251,UNK,FEMALE
7252,UNK,FEMALE
7253,UNK,FEMALE
7254,UNK,MALE
7255,30,MALE
7256,UNK,MALE
7257,UNK,MALE
7258,UNK,MALE
7259,UNK,MALE
7260,30,MALE
7261,UNK,MALE
7262,19,MALE
7263,UNK,MALE
7264,UNK,MALE
7265,UNK,MALE
7266,UNK,FEMALE
7267,UNK,MALE
7268,17,MALE
7269,21,MALE
7270,UNK,MALE
7271,UNK,MALE
7272,UNK,MALE
7273,UNK,MALE
7274,30,MALE
7275,30,MALE
7276,30,MALE
7277,30,MALE
7278,30,MALE
7279,20,MALE
7280,20,MALE
7281,17,MALE
7282,17,MALE
7283,UNK,MALE
7284,UNK,UNKNOWN
7285,UNK,MALE
7286,UNK,MALE
7287,UNK,MALE
7288,UNK,MALE
7289,UNK,MALE
7290,UNK,MALE
7291,UNK,MALE
7292,UNK,MALE
7293,17,MALE
7294,UNK,MALE
7295,UNK,FEMALE
7296,UNK,FEMALE
7297,UNK,MALE
7298,UNK,FEMALE
7299,UNK,MALE
7300,UNK,FEMALE
7301,UNK,MALE
7302,UNK,MALE
7303,18,MALE
7304,18,MALE
7305,18,MALE
7306,UNK,MALE
7307,UNK,MALE
7308,UNK,MALE
7309,UNK,MALE
7310,UNK,MALE
7311,UNK,MALE
7312,UNK,MALE
7313,UNK,MALE
7314,UNK,MALE
7315,UNK,MALE
7316,UNK,MALE
7317,11,MALE
7318,11,MALE
7319,UNK,UNKNOWN
7320,UNK,MALE
7321,20,MALE
7322,UNK,UNKNOWN
7323,UNK,MALE
7324,UNK,UNKNOWN
7325,30,MALE
7326,UNK,MALE
7327,UNK,MALE
7328,UNK,MALE
7329,UNK,FEMALE
7330,UNK,FEMALE
7331,UNK,MALE
7332,28,MALE
7333,UNK,MALE
7334,UNK,MALE
7335,UNK,FEMALE
7336,UNK,UNKNOWN
7337,UNK,UNKNOWN
7338,UNK,UNKNOWN
7339,30,MALE
7340,20,FEMALE
7341,20,FEMALE
7342,30,MALE
7343,UNK,MALE
7344,UNK,MALE
7345,UNK,MALE
7346,UNK,MALE
7347,UNK,UNKNOWN
7348,UNK,MALE
7349,30,MALE
7350,UNK,MALE
7351,UNK,MALE
7352,UNK,UNKNOWN
7353,UNK,UNKNOWN
7354,21,MALE
7355,30,MALE
7356,UNK,FEMALE
7357,30,MALE
7358,UNK,UNKNOWN
7359,30,MALE
7360,UNK,UNKNOWN
7361,UNK,MALE
7362,UNK,MALE
7363,UNK,MALE
7364,UNK,MALE
7365,UNK,MALE
7366,UNK,FEMALE
7367,UNK,MALE
7368,UNK,FEMALE
7369,UNK,UNKNOWN
7370,UNK,MALE
7371,UNK,UNKNOWN
7372,UNK,UNKNOWN
7373,UNK,UNKNOWN
7374,UNK,UNKNOWN
7375,UNK,MALE
7376,UNK,MALE
7377,UNK,MALE
7378,UNK,UNKNOWN
7379,UNK,MALE
7380,UNK,MALE
7381,UNK,MALE
7382,UNK,MALE
7383,UNK,MALE
7384,UNK,MALE
7385,19,FEMALE
7386,55,MALE
7387,30,MALE
7388,UNK,MALE
7389,UNK,MALE
7390,UNK,MALE
7391,UNK,MALE
7392,UNK,MALE
7393,UNK,UNKNOWN
7394,UNK,UNKNOWN
7395,UNK,UNKNOWN
7396,UNK,UNKNOWN
7397,30,MALE
7398,55,MALE
7399,UNK,UNKNOWN
7400,UNK,UNKNOWN
7401,UNK,UNKNOWN
7402,UNK,UNKNOWN
7403,UNK,UNKNOWN
7404,UNK,UNKNOWN
7405,UNK,UNKNOWN
7406,UNK,UNKNOWN
7407,UNK,UNKNOWN
7408,UNK,MALE
7409,UNK,UNKNOWN
7410,UNK,FEMALE
7411,UNK,FEMALE
7412,UNK,UNKNOWN
7413,UNK,UNKNOWN
7414,UNK,UNKNOWN
7415,UNK,MALE
7417,UNK,UNKNOWN
7418,UNK,UNKNOWN
7419,UNK,UNKNOWN
7420,UNK,UNKNOWN
7421,UNK,UNKNOWN
7422,UNK,MALE
7423,UNK,MALE
7424,UNK,UNKNOWN
7425,UNK,UNKNOWN
7426,UNK,UNKNOWN
7427,UNK,UNKNOWN
7428,UNK,MALE
7429,UNK,UNKNOWN
7430,UNK,MALE
7431,20,MALE
7432,UNK,UNKNOWN
7433,UNK,UNKNOWN
7434,UNK,UNKNOWN
7435,UNK,UNKNOWN
7436,UNK,UNKNOWN
7437,UNK,UNKNOWN
7438,UNK,UNKNOWN
7439,18,FEMALE
7440,UNK,UNKNOWN
7441,UNK,UNKNOWN
7442,UNK,UNKNOWN
7443,UNK,UNKNOWN
7444,UNK,MALE
7445,UNK,MALE
7446,UNK,MALE
7447,UNK,UNKNOWN
7448,UNK,UNKNOWN
7449,UNK,UNKNOWN
7450,UNK,UNKNOWN
7451,35,MALE
7452,UNK,UNKNOWN
7453,UNK,FEMALE
7454,UNK,FEMALE
7455,UNK,UNKNOWN
7456,UNK,UNKNOWN
7457,UNK,MALE
7458,UNK,UNKNOWN
7459,UNK,UNKNOWN
7460,UNK,UNKNOWN
7461,UNK,UNKNOWN
7462,UNK,UNKNOWN
7463,UNK,UNKNOWN
7464,UNK,UNKNOWN
7465,UNK,UNKNOWN
7466,UNK,UNKNOWN
7467,UNK,UNKNOWN
7468,UNK,UNKNOWN
7469,UNK,UNKNOWN
7470,UNK,UNKNOWN
7471,UNK,UNKNOWN
7472,UNK,UNKNOWN
7473,30,FEMALE
7474,30,FEMALE
7475,UNK,UNKNOWN
7476,UNK,UNKNOWN
7477,UNK,UNKNOWN
7478,UNK,UNKNOWN
7479,UNK,UNKNOWN
7480,UNK,UNKNOWN
7481,UNK,UNKNOWN
7482,UNK,UNKNOWN
7483,UNK,UNKNOWN
7484,UNK,UNKNOWN
7485,UNK,UNKNOWN
7486,UNK,UNKNOWN
7487,UNK,UNKNOWN
7488,UNK,UNKNOWN
7489,UNK,UNKNOWN
7490,UNK,UNKNOWN
7491,UNK,UNKNOWN
7492,UNK,UNKNOWN
7493,UNK,UNKNOWN
7494,UNK,UNKNOWN
7495,UNK,UNKNOWN
7496,UNK,UNKNOWN
7497,UNK,UNKNOWN
7498,UNK,UNKNOWN
7499,UNK,UNKNOWN
7500,UNK,UNKNOWN
7501,UNK,UNKNOWN
7502,UNK,UNKNOWN
7503,UNK,MALE
7504,UNK,MALE
7505,UNK,FEMALE
7506,UNK,UNKNOWN
7507,UNK,UNKNOWN
7508,UNK,UNKNOWN
7509,UNK,UNKNOWN
7510,UNK,UNKNOWN
7511,UNK,UNKNOWN
7512,UNK,UNKNOWN
7513,UNK,UNKNOWN
7514,UNK,UNKNOWN
7515,UNK,UNKNOWN
7516,UNK,UNKNOWN
7517,UNK,UNKNOWN
7518,UNK,MALE
7519,UNK,UNKNOWN
7520,UNK,UNKNOWN
7521,15,MALE
7522,UNK,UNKNOWN
7523,UNK,UNKNOWN
7524,UNK,UNKNOWN
7525,UNK,UNKNOWN
7526,UNK,UNKNOWN
7527,UNK,UNKNOWN
7528,UNK,UNKNOWN
7529,UNK,UNKNOWN
7530,UNK,UNKNOWN
7531,UNK,UNKNOWN
7532,UNK,UNKNOWN
7533,UNK,UNKNOWN
7534,UNK,UNKNOWN
7535,UNK,UNKNOWN
7536,UNK,UNKNOWN
7537,UNK,UNKNOWN
7538,UNK,UNKNOWN
7539,UNK,UNKNOWN
7540,UNK,FEMALE
7541,UNK,FEMALE
7542,UNK,UNKNOWN
7544,UNK,UNKNOWN
7545,UNK,UNKNOWN
7546,UNK,MALE
7547,UNK,UNKNOWN
7548,UNK,UNKNOWN
7549,UNK,UNKNOWN
7550,UNK,FEMALE
7551,UNK,FEMALE
7552,UNK,UNKNOWN
7553,UNK,UNKNOWN
7554,UNK,UNKNOWN
7555,UNK,UNKNOWN
7556,UNK,UNKNOWN
7557,UNK,UNKNOWN
7558,UNK,UNKNOWN
7559,UNK,UNKNOWN
7560,UNK,UNKNOWN
7561,20,MALE
7562,20,MALE
7563,UNK,MALE
7564,UNK,UNKNOWN
7565,UNK,UNKNOWN
7566,UNK,MALE
7567,UNK,UNKNOWN
7568,UNK,MALE
7569,UNK,MALE
7570,UNK,UNKNOWN
7571,UNK,UNKNOWN
7572,UNK,UNKNOWN
7573,UNK,UNKNOWN
7574,UNK,UNKNOWN
7575,UNK,UNKNOWN
7576,UNK,UNKNOWN
7577,UNK,MALE
7578,UNK,UNKNOWN
7579,UNK,UNKNOWN
7580,UNK,UNKNOWN
7581,UNK,UNKNOWN
7582,UNK,UNKNOWN
7583,UNK,UNKNOWN
7584,UNK,UNKNOWN
7585,UNK,UNKNOWN
7586,UNK,UNKNOWN
7587,UNK,FEMALE
7588,UNK,FEMALE
7589,UNK,UNKNOWN
7590,UNK,UNKNOWN
7591,UNK,UNKNOWN
7592,UNK,UNKNOWN
7593,UNK,FEMALE
7594,UNK,MALE
7595,UNK,FEMALE
7596,UNK,FEMALE
7597,UNK,MALE
7598,UNK,UNKNOWN
7599,UNK,UNKNOWN
7600,UNK,UNKNOWN
7601,UNK,UNKNOWN
7602,UNK,MALE
7603,UNK,MALE
7604,UNK,UNKNOWN
7605,UNK,MALE
7606,UNK,UNKNOWN
7607,UNK,UNKNOWN
7608,UNK,UNKNOWN
7609,UNK,MALE
7610,UNK,UNKNOWN
7611,UNK,UNKNOWN
7612,UNK,UNKNOWN
7613,UNK,UNKNOWN
7614,UNK,UNKNOWN
7615,UNK,UNKNOWN
7616,UNK,UNKNOWN
7617,UNK,UNKNOWN
7618,UNK,UNKNOWN
7619,UNK,UNKNOWN
7620,20,MALE
7621,UNK,UNKNOWN
7622,UNK,UNKNOWN
7623,UNK,UNKNOWN
7624,UNK,UNKNOWN
7625,UNK,UNKNOWN
7626,UNK,UNKNOWN
7627,UNK,UNKNOWN
7628,UNK,UNKNOWN
7629,20,MALE
7630,UNK,UNKNOWN
7631,UNK,UNKNOWN
7632,UNK,UNKNOWN
7633,UNK,UNKNOWN
7634,UNK,UNKNOWN
7635,UNK,UNKNOWN
7636,UNK,UNKNOWN
7637,UNK,UNKNOWN
7638,UNK,UNKNOWN
7639,UNK,UNKNOWN
7640,UNK,UNKNOWN
7641,25,FEMALE
7642,25,FEMALE
7643,UNK,UNKNOWN
7644,UNK,UNKNOWN
7645,UNK,UNKNOWN
7646,UNK,UNKNOWN
7647,UNK,UNKNOWN
7648,UNK,UNKNOWN
7649,UNK,UNKNOWN
7650,UNK,UNKNOWN
7651,UNK,MALE
7652,UNK,MALE
7653,UNK,MALE
7654,UNK,UNKNOWN
7655,UNK,UNKNOWN
7656,UNK,UNKNOWN
7657,UNK,UNKNOWN
7658,UNK,UNKNOWN
7659,UNK,UNKNOWN
7660,UNK,UNKNOWN
7661,UNK,UNKNOWN
7662,UNK,UNKNOWN
7663,UNK,UNKNOWN
7664,UNK,UNKNOWN
7665,UNK,UNKNOWN
7666,UNK,UNKNOWN
7667,UNK,UNKNOWN
7668,UNK,UNKNOWN
7669,UNK,UNKNOWN
7670,UNK,UNKNOWN
7671,UNK,MALE
7672,UNK,MALE
7673,UNK,MALE
7674,UNK,MALE
7675,UNK,MALE
7676,UNK,MALE
7677,UNK,UNKNOWN
7678,UNK,UNKNOWN
7679,UNK,UNKNOWN
7680,UNK,MALE
7681,UNK,MALE
7682,UNK,UNKNOWN
7683,40,MALE
7684,UNK,UNKNOWN
7685,UNK,UNKNOWN
7686,UNK,UNKNOWN
7687,UNK,MALE
7688,UNK,UNKNOWN
7689,UNK,UNKNOWN
7690,UNK,UNKNOWN
7691,UNK,MALE
7692,UNK,UNKNOWN
7693,UNK,UNKNOWN
7694,UNK,UNKNOWN
7695,UNK,UNKNOWN
7696,UNK,MALE
7697,UNK,UNKNOWN
7698,UNK,UNKNOWN
7699,UNK,UNKNOWN
7700,UNK,MALE
7701,UNK,MALE
7702,UNK,MALE
7703,UNK,MALE
7704,UNK,MALE
7705,UNK,MALE
7706,UNK,UNKNOWN
7711,UNK,UNKNOWN
7712,40,MALE
7713,UNK,MALE
7714,UNK,UNKNOWN
7715,UNK,UNKNOWN
7716,UNK,UNKNOWN
7717,20,FEMALE
7718,UNK,UNKNOWN
7719,UNK,UNKNOWN
7720,UNK,UNKNOWN
7721,UNK,UNKNOWN
7722,UNK,UNKNOWN
7723,UNK,UNKNOWN
7724,UNK,UNKNOWN
7726,19,UNKNOWN
7727,UNK,UNKNOWN
7728,UNK,UNKNOWN
7729,UNK,UNKNOWN
7730,UNK,UNKNOWN
7731,UNK,UNKNOWN
7732,UNK,UNKNOWN
7733,UNK,UNKNOWN
7734,UNK,MALE
7735,UNK,UNKNOWN
7736,UNK,MALE
7737,UNK,MALE
7738,UNK,UNKNOWN
7739,UNK,UNKNOWN
7740,UNK,UNKNOWN
7741,UNK,UNKNOWN
7742,UNK,UNKNOWN
7743,UNK,UNKNOWN
7744,UNK,UNKNOWN
7745,UNK,UNKNOWN
7746,UNK,UNKNOWN
7747,UNK,UNKNOWN
7748,UNK,UNKNOWN
7749,UNK,MALE
7750,UNK,UNKNOWN
7751,UNK,UNKNOWN
7752,UNK,UNKNOWN
7753,UNK,UNKNOWN
7754,UNK,UNKNOWN
7755,UNK,MALE
7756,UNK,UNKNOWN
7757,UNK,UNKNOWN
7758,UNK,UNKNOWN
7759,UNK,MALE
7760,UNK,MALE
7761,UNK,UNKNOWN
7762,UNK,MALE
7763,18,MALE
7764,UNK,UNKNOWN
7765,UNK,UNKNOWN
7766,UNK,UNKNOWN
7767,UNK,UNKNOWN
7768,UNK,UNKNOWN
7769,UNK,UNKNOWN
7770,UNK,UNKNOWN
7771,UNK,UNKNOWN
7772,UNK,UNKNOWN
7773,UNK,UNKNOWN
7774,UNK,UNKNOWN
7775,UNK,UNKNOWN
7776,UNK,UNKNOWN
7777,UNK,UNKNOWN
7778,UNK,UNKNOWN
7779,UNK,UNKNOWN
7780,UNK,UNKNOWN
7781,UNK,UNKNOWN
7782,UNK,UNKNOWN
7783,UNK,UNKNOWN
7784,UNK,UNKNOWN
7785,UNK,UNKNOWN
7786,UNK,UNKNOWN
7787,UNK,UNKNOWN
7788,UNK,UNKNOWN
7789,UNK,UNKNOWN
7790,UNK,UNKNOWN
7791,UNK,UNKNOWN
7792,UNK,UNKNOWN
7793,UNK,UNKNOWN
7794,UNK,UNKNOWN
7795,UNK,UNKNOWN
7796,UNK,UNKNOWN
7797,UNK,UNKNOWN
7798,UNK,UNKNOWN
7799,UNK,UNKNOWN
7800,UNK,UNKNOWN
7801,UNK,MALE
7802,UNK,UNKNOWN
7803,UNK,UNKNOWN
7804,UNK,UNKNOWN
7805,UNK,UNKNOWN
7806,UNK,UNKNOWN
7807,UNK,UNKNOWN
7808,UNK,UNKNOWN
7809,UNK,UNKNOWN
7810,UNK,UNKNOWN
7811,UNK,UNKNOWN
7812,UNK,UNKNOWN
7813,UNK,UNKNOWN
7814,UNK,UNKNOWN
7815,UNK,UNKNOWN
7816,UNK,UNKNOWN
7817,UNK,UNKNOWN
7818,UNK,UNKNOWN
7819,UNK,UNKNOWN
7820,UNK,UNKNOWN
7821,UNK,UNKNOWN
7822,UNK,UNKNOWN
7823,UNK,UNKNOWN
7824,UNK,UNKNOWN
7825,UNK,UNKNOWN
7826,UNK,UNKNOWN
7827,40,MALE
7828,UNK,MALE
7829,UNK,UNKNOWN
7830,UNK,UNKNOWN
7831,UNK,UNKNOWN
7832,UNK,UNKNOWN
7833,UNK,MALE
7834,UNK,UNKNOWN
7835,UNK,UNKNOWN
7836,UNK,UNKNOWN
7837,UNK,UNKNOWN
7838,UNK,UNKNOWN
7839,UNK,UNKNOWN
7840,UNK,UNKNOWN
7841,UNK,UNKNOWN
7842,UNK,UNKNOWN
7843,UNK,UNKNOWN
7844,UNK,UNKNOWN
7845,UNK,UNKNOWN
7846,UNK,UNKNOWN
7847,UNK,UNKNOWN
7848,UNK,UNKNOWN
7849,UNK,UNKNOWN
7850,UNK,UNKNOWN
7851,13,MALE
7852,20,MALE
7853,20,MALE
7854,UNK,UNKNOWN
7855,UNK,UNKNOWN
7856,UNK,UNKNOWN
7857,UNK,UNKNOWN
7858,UNK,UNKNOWN
7859,UNK,UNKNOWN
7860,UNK,UNKNOWN
7861,UNK,UNKNOWN
7862,UNK,UNKNOWN
7863,UNK,MALE
7864,UNK,UNKNOWN
7865,UNK,UNKNOWN
7866,UNK,UNKNOWN
7867,UNK,UNKNOWN
7868,UNK,UNKNOWN
7869,UNK,UNKNOWN
7870,UNK,UNKNOWN
7871,UNK,UNKNOWN
7872,UNK,UNKNOWN
7873,UNK,MALE
7874,UNK,MALE
7875,UNK,UNKNOWN
7876,UNK,UNKNOWN
7877,UNK,UNKNOWN
7878,UNK,UNKNOWN
7879,UNK,UNKNOWN
7880,UNK,UNKNOWN
7881,UNK,UNKNOWN
7882,UNK,UNKNOWN
7883,UNK,MALE
7884,UNK,UNKNOWN
7885,UNK,UNKNOWN
7886,UNK,UNKNOWN
7887,UNK,UNKNOWN
7888,UNK,UNKNOWN
7889,UNK,UNKNOWN
7890,UNK,UNKNOWN
7891,UNK,UNKNOWN
7892,UNK,UNKNOWN
7893,UNK,UNKNOWN
7894,UNK,UNKNOWN
7895,UNK,UNKNOWN
7896,UNK,UNKNOWN
7897,UNK,UNKNOWN
7898,UNK,UNKNOWN
7899,UNK,UNKNOWN
7900,UNK,UNKNOWN
7901,UNK,UNKNOWN
7902,UNK,UNKNOWN
7903,UNK,UNKNOWN
7904,UNK,UNKNOWN
7905,UNK,MALE
7906,UNK,UNKNOWN
7907,UNK,MALE
7908,UNK,UNKNOWN
7909,UNK,MALE
7910,UNK,UNKNOWN
7911,UNK,UNKNOWN
7912,UNK,UNKNOWN
7913,UNK,UNKNOWN
7914,UNK,UNKNOWN
7915,UNK,UNKNOWN
7916,UNK,UNKNOWN
7917,UNK,MALE
7918,UNK,MALE
7919,UNK,UNKNOWN
7920,UNK,UNKNOWN
7921,UNK,UNKNOWN
7922,UNK,UNKNOWN
7923,UNK,MALE
7924,UNK,MALE
7925,UNK,UNKNOWN
7926,UNK,UNKNOWN
7927,UNK,UNKNOWN
7928,UNK,UNKNOWN
7929,UNK,UNKNOWN
7930,UNK,UNKNOWN
7931,UNK,UNKNOWN
7932,UNK,UNKNOWN
7933,UNK,UNKNOWN
7934,UNK,UNKNOWN
7935,UNK,UNKNOWN
7936,UNK,UNKNOWN
7937,UNK,UNKNOWN
7938,UNK,UNKNOWN
7939,UNK,UNKNOWN
7940,UNK,UNKNOWN
7941,UNK,UNKNOWN
7942,UNK,UNKNOWN
7943,UNK,MALE
7944,UNK,MALE
7945,UNK,UNKNOWN
7946,UNK,UNKNOWN
7947,UNK,UNKNOWN
7948,UNK,UNKNOWN
7949,UNK,UNKNOWN
7950,UNK,UNKNOWN
7951,UNK,UNKNOWN
7952,UNK,UNKNOWN
7953,UNK,UNKNOWN
7954,UNK,UNKNOWN
7955,UNK,UNKNOWN
7956,UNK,UNKNOWN
7957,UNK,MALE
7958,UNK,MALE
7959,UNK,UNKNOWN
7960,UNK,UNKNOWN
7961,UNK,UNKNOWN
7962,UNK,UNKNOWN
7963,UNK,UNKNOWN
7964,UNK,MALE
7965,UNK,UNKNOWN
7966,UNK,UNKNOWN
7967,UNK,UNKNOWN
7968,UNK,UNKNOWN
7969,UNK,UNKNOWN
7970,UNK,UNKNOWN
7971,UNK,UNKNOWN
7972,UNK,UNKNOWN
7973,UNK,MALE
7974,UNK,MALE
7975,UNK,UNKNOWN
7976,UNK,UNKNOWN
7977,UNK,UNKNOWN
7978,UNK,MALE
7979,UNK,UNKNOWN
7980,UNK,UNKNOWN
7981,20,UNKNOWN
7982,UNK,UNKNOWN
7983,UNK,UNKNOWN
7984,UNK,UNKNOWN
7985,UNK,UNKNOWN
7986,UNK,UNKNOWN
7987,UNK,UNKNOWN
7988,UNK,UNKNOWN
7989,16,MALE
7990,UNK,UNKNOWN
7991,UNK,UNKNOWN
7992,UNK,UNKNOWN
7993,UNK,UNKNOWN
7994,UNK,UNKNOWN
7995,UNK,UNKNOWN
7996,UNK,UNKNOWN
7997,UNK,UNKNOWN
7998,UNK,UNKNOWN
7999,UNK,UNKNOWN
8000,30,MALE
8001,30,MALE
8002,UNK,UNKNOWN
8003,UNK,MALE
8004,UNK,UNKNOWN
8005,UNK,UNKNOWN
8006,UNK,UNKNOWN
8007,30,MALE
8008,UNK,UNKNOWN
8009,UNK,UNKNOWN
8010,UNK,UNKNOWN
8011,UNK,UNKNOWN
8012,UNK,UNKNOWN
8013,UNK,UNKNOWN
8014,UNK,UNKNOWN
8015,UNK,UNKNOWN
8016,UNK,UNKNOWN
8017,UNK,MALE
8018,UNK,UNKNOWN
8019,UNK,UNKNOWN
8020,UNK,UNKNOWN
8021,UNK,MALE
8022,25,MALE
8023,UNK,UNKNOWN
8024,UNK,UNKNOWN
8025,UNK,MALE
8026,UNK,UNKNOWN
8027,UNK,UNKNOWN
8028,35,MALE
8029,35,MALE
8030,UNK,UNKNOWN
8031,UNK,UNKNOWN
8032,UNK,UNKNOWN
8034,UNK,UNKNOWN
8035,UNK,UNKNOWN
8036,UNK,UNKNOWN
8037,UNK,UNKNOWN
8038,UNK,UNKNOWN
8039,UNK,UNKNOWN
8040,UNK,UNKNOWN
8041,UNK,UNKNOWN
8042,UNK,UNKNOWN
8043,UNK,MALE
8044,UNK,UNKNOWN
8045,UNK,UNKNOWN
8046,UNK,UNKNOWN
8047,UNK,UNKNOWN
8048,UNK,UNKNOWN
8049,UNK,MALE
8050,UNK,MALE
8051,UNK,UNKNOWN
8052,UNK,UNKNOWN
8053,UNK,UNKNOWN
8054,UNK,UNKNOWN
8055,UNK,UNKNOWN
8056,UNK,UNKNOWN
8057,UNK,MALE
8058,UNK,UNKNOWN
8059,UNK,UNKNOWN
8060,UNK,UNKNOWN
8061,UNK,UNKNOWN
8062,UNK,UNKNOWN
8063,UNK,UNKNOWN
8064,UNK,UNKNOWN
8065,UNK,UNKNOWN
8066,UNK,UNKNOWN
8067,UNK,UNKNOWN
8068,UNK,UNKNOWN
8069,UNK,UNKNOWN
8070,UNK,UNKNOWN
8071,UNK,UNKNOWN
8072,UNK,UNKNOWN
8073,UNK,UNKNOWN
8074,UNK,UNKNOWN
8075,UNK,UNKNOWN
8076,UNK,UNKNOWN
8077,UNK,UNKNOWN
8078,UNK,UNKNOWN
8079,UNK,UNKNOWN
8080,UNK,UNKNOWN
8081,UNK,UNKNOWN
8082,UNK,UNKNOWN
8083,UNK,UNKNOWN
8084,UNK,UNKNOWN
8085,UNK,UNKNOWN
8086,30,MALE
8087,UNK,UNKNOWN
8088,UNK,UNKNOWN
8089,UNK,UNKNOWN
8090,UNK,UNKNOWN
8091,UNK,UNKNOWN
8092,UNK,UNKNOWN
8093,UNK,UNKNOWN
8094,UNK,UNKNOWN
8095,UNK,UNKNOWN
8096,UNK,UNKNOWN
8097,UNK,UNKNOWN
8098,UNK,UNKNOWN
8099,UNK,UNKNOWN
8100,UNK,UNKNOWN
8101,UNK,UNKNOWN
8102,UNK,UNKNOWN
8103,UNK,UNKNOWN
8104,UNK,UNKNOWN
8105,UNK,UNKNOWN
8106,25,MALE
8107,UNK,UNKNOWN
8108,UNK,UNKNOWN
8109,UNK,UNKNOWN
8110,UNK,UNKNOWN
8111,UNK,UNKNOWN
8112,UNK,UNKNOWN
8113,UNK,UNKNOWN
8114,UNK,UNKNOWN
8115,UNK,UNKNOWN
8116,UNK,UNKNOWN
8117,UNK,UNKNOWN
8118,UNK,UNKNOWN
8119,UNK,UNKNOWN
8120,UNK,UNKNOWN
8121,UNK,UNKNOWN
8122,UNK,FEMALE
8123,UNK,MALE
8124,UNK,UNKNOWN
8125,UNK,UNKNOWN
8126,25,MALE
8127,UNK,UNKNOWN
8128,UNK,UNKNOWN
8129,UNK,MALE
8130,UNK,MALE
8131,UNK,MALE
8132,UNK,UNKNOWN
8133,UNK,MALE
8134,UNK,UNKNOWN
8135,UNK,UNKNOWN
8136,UNK,UNKNOWN
8137,UNK,UNKNOWN
8138,UNK,UNKNOWN
8139,UNK,UNKNOWN
8140,UNK,UNKNOWN
8141,25,MALE
8143,UNK,UNKNOWN
8144,UNK,MALE
8145,UNK,UNKNOWN
8149,UNK,UNKNOWN
8150,UNK,UNKNOWN
8151,UNK,UNKNOWN
8152,UNK,UNKNOWN
8153,UNK,UNKNOWN
8154,UNK,UNKNOWN
8155,UNK,UNKNOWN
8156,UNK,UNKNOWN
8157,UNK,UNKNOWN
8158,UNK,UNKNOWN
8159,UNK,UNKNOWN
8160,UNK,UNKNOWN
8161,UNK,UNKNOWN
8162,UNK,UNKNOWN
8163,UNK,UNKNOWN
8164,UNK,UNKNOWN
8165,UNK,UNKNOWN
8166,UNK,UNKNOWN
8167,20,MALE
8168,UNK,UNKNOWN
8169,UNK,UNKNOWN
8170,UNK,UNKNOWN
8171,UNK,UNKNOWN
8172,UNK,UNKNOWN
8174,UNK,UNKNOWN
8175,UNK,UNKNOWN
8176,UNK,UNKNOWN
8177,UNK,MALE
8178,UNK,UNKNOWN
8179,UNK,UNKNOWN
8180,UNK,UNKNOWN
8181,UNK,UNKNOWN
8182,UNK,UNKNOWN
8183,UNK,UNKNOWN
8184,UNK,UNKNOWN
8185,UNK,UNKNOWN
8186,UNK,UNKNOWN
8187,UNK,UNKNOWN
8188,UNK,UNKNOWN
8189,UNK,UNKNOWN
8190,UNK,UNKNOWN
8191,UNK,UNKNOWN
8192,30,MALE
8193,UNK,UNKNOWN
8194,UNK,UNKNOWN
8195,UNK,UNKNOWN
8196,UNK,MALE
8197,UNK,UNKNOWN
8198,UNK,UNKNOWN
8199,UNK,UNKNOWN
8200,UNK,UNKNOWN
8201,UNK,UNKNOWN
8202,UNK,UNKNOWN
8203,UNK,UNKNOWN
8204,UNK,UNKNOWN
8205,UNK,UNKNOWN
8206,UNK,UNKNOWN
8207,UNK,UNKNOWN
8208,UNK,UNKNOWN
8209,UNK,UNKNOWN
8210,UNK,UNKNOWN
8211,UNK,UNKNOWN
8212,UNK,UNKNOWN
8213,UNK,UNKNOWN
8214,UNK,UNKNOWN
8215,UNK,MALE
8216,UNK,UNKNOWN
8217,UNK,UNKNOWN
8218,UNK,UNKNOWN
8219,UNK,UNKNOWN
8220,UNK,UNKNOWN
8221,UNK,UNKNOWN
8222,UNK,MALE
8223,UNK,UNKNOWN
8224,UNK,UNKNOWN
8225,UNK,UNKNOWN
8226,UNK,UNKNOWN
8227,UNK,UNKNOWN
8228,UNK,UNKNOWN
8229,UNK,UNKNOWN
8230,UNK,UNKNOWN
8231,UNK,UNKNOWN
8232,UNK,MALE
8233,UNK,MALE
8234,UNK,UNKNOWN
8235,UNK,UNKNOWN
8236,UNK,UNKNOWN
8237,UNK,UNKNOWN
8238,UNK,MALE
8239,UNK,UNKNOWN
8240,UNK,UNKNOWN
8241,UNK,UNKNOWN
8242,UNK,UNKNOWN
8243,UNK,UNKNOWN
8244,UNK,UNKNOWN
8245,UNK,UNKNOWN
8246,UNK,UNKNOWN
8247,UNK,UNKNOWN
8248,UNK,UNKNOWN
8249,UNK,UNKNOWN
8250,UNK,UNKNOWN
8251,UNK,UNKNOWN
8252,UNK,UNKNOWN
8253,UNK,UNKNOWN
8254,UNK,UNKNOWN
8255,UNK,UNKNOWN
8256,UNK,UNKNOWN
8257,UNK,UNKNOWN
8258,UNK,UNKNOWN
8259,UNK,UNKNOWN
8260,UNK,UNKNOWN
8261,UNK,UNKNOWN
8262,UNK,UNKNOWN
8263,UNK,UNKNOWN
8264,UNK,UNKNOWN
8265,UNK,UNKNOWN
8266,UNK,UNKNOWN
8267,UNK,UNKNOWN
8268,UNK,UNKNOWN
8269,UNK,UNKNOWN
8270,UNK,UNKNOWN
8271,UNK,UNKNOWN
8272,UNK,UNKNOWN
8273,UNK,UNKNOWN
8274,UNK,UNKNOWN
8275,UNK,UNKNOWN
8276,UNK,UNKNOWN
8277,UNK,UNKNOWN
8278,UNK,UNKNOWN
8279,UNK,UNKNOWN
8280,UNK,UNKNOWN
8281,UNK,MALE
8282,UNK,UNKNOWN
8283,UNK,UNKNOWN
8284,UNK,UNKNOWN
8285,UNK,UNKNOWN
8286,UNK,UNKNOWN
8287,UNK,UNKNOWN
8288,UNK,UNKNOWN
8289,UNK,UNKNOWN
8290,UNK,UNKNOWN
8291,UNK,UNKNOWN
8292,UNK,UNKNOWN
8293,UNK,UNKNOWN
8294,UNK,UNKNOWN
8295,UNK,UNKNOWN
8296,UNK,UNKNOWN
8297,UNK,UNKNOWN
8298,UNK,UNKNOWN
8299,UNK,UNKNOWN
8300,UNK,UNKNOWN
8301,UNK,UNKNOWN
8302,UNK,UNKNOWN
8303,UNK,UNKNOWN
8304,UNK,UNKNOWN
8305,30,MALE
8306,UNK,UNKNOWN
8307,UNK,UNKNOWN
8308,UNK,UNKNOWN
8309,UNK,MALE
8310,UNK,UNKNOWN
8311,UNK,UNKNOWN
8312,UNK,UNKNOWN
8313,UNK,UNKNOWN
8314,UNK,UNKNOWN
8315,UNK,UNKNOWN
8316,UNK,UNKNOWN
8317,UNK,UNKNOWN
8318,UNK,UNKNOWN
8319,UNK,UNKNOWN
8320,UNK,UNKNOWN
8321,UNK,UNKNOWN
8322,UNK,UNKNOWN
8323,UNK,UNKNOWN
8324,UNK,UNKNOWN
8325,UNK,UNKNOWN
8326,UNK,UNKNOWN
8327,UNK,UNKNOWN
8328,UNK,UNKNOWN
8329,UNK,UNKNOWN
8330,UNK,UNKNOWN
8331,UNK,UNKNOWN
8332,UNK,UNKNOWN
8333,UNK,UNKNOWN
8334,UNK,UNKNOWN
8335,UNK,UNKNOWN
8336,UNK,MALE
8337,28,MALE
8338,24,MALE
8339,UNK,MALE
8340,20,MALE
8341,20,MALE
8342,UNK,MALE
8343,UNK,MALE
8344,UNK,MALE
8345,UNK,UNKNOWN
8346,UNK,MALE
8347,UNK,UNKNOWN
8348,UNK,UNKNOWN
8349,UNK,FEMALE
8350,UNK,UNKNOWN
8351,UNK,UNKNOWN
8352,UNK,MALE
8353,UNK,MALE
8354,UNK,MALE
8355,UNK,MALE
8356,UNK,UNKNOWN
8357,UNK,UNKNOWN
8358,30,MALE
8359,UNK,UNKNOWN
8361,UNK,UNKNOWN
8362,UNK,UNKNOWN
8363,UNK,MALE
8364,UNK,MALE
8365,UNK,UNKNOWN
8366,UNK,MALE
8367,UNK,MALE
8368,UNK,UNKNOWN
8369,UNK,UNKNOWN
8370,UNK,UNKNOWN
8371,UNK,MALE
8372,UNK,MALE
8373,UNK,UNKNOWN
8374,UNK,UNKNOWN
8375,UNK,UNKNOWN
8376,30,MALE
8377,UNK,MALE
8378,UNK,MALE
8379,UNK,UNKNOWN
8380,UNK,UNKNOWN
8381,UNK,MALE
8382,49,UNKNOWN
8383,38,UNKNOWN
8384,UNK,MALE
8385,26,FEMALE
8386,UNK,FEMALE
8387,20,MALE
8388,UNK,MALE
8389,23,MALE
8390,UNK,MALE
8391,20,MALE
8392,20,MALE
8393,20,MALE
8394,20,MALE
8395,UNK,UNKNOWN
8396,UNK,UNKNOWN
8397,UNK,MALE
8398,UNK,UNKNOWN
8399,UNK,UNKNOWN
8400,UNK,UNKNOWN
8401,UNK,UNKNOWN
8402,UNK,UNKNOWN
8403,UNK,UNKNOWN
8405,UNK,UNKNOWN
8406,UNK,FEMALE
8407,UNK,UNKNOWN
